Matchday,Date,Time,Venue,Ranking,Opponent.1,System of play,Attendance,Result,coach,lineup,lineup_sorted,link
Final,Sa. 03.08.19,13:30,H,,Stade Rennais,4-3-3 Attacking,22.045,2:1,Thomas Tuchel,"['Alphonse Areola', 'Thilo Kehrer', 'Abdou Diallo', 'Juan Bernat', 'Thomas Meunier', 'Marquinhos', 'Marco Verratti', 'Ander Herrera', 'Kylian Mbappé', 'Pablo Sarabia', 'Edinson Cavani']","['Abdou Diallo', 'Alphonse Areola', 'Ander Herrera', 'Edinson Cavani', 'Juan Bernat', 'Kylian Mbappé', 'Marco Verratti', 'Marquinhos', 'Pablo Sarabia', 'Thilo Kehrer', 'Thomas Meunier']",/spielbericht/aufstellung/spielbericht/3182926
1,So. 11.08.19,21:00,H,(1.),Nîmes Olympique (18.),4-3-3 Attacking,47.151,3:0,Thomas Tuchel,"['Alphonse Areola', 'Thiago Silva', 'Abdou Diallo', 'Juan Bernat', 'Thilo Kehrer', 'Marquinhos', 'Marco Verratti', 'Julian Draxler', 'Kylian Mbappé', 'Pablo Sarabia', 'Edinson Cavani']","['Abdou Diallo', 'Alphonse Areola', 'Edinson Cavani', 'Juan Bernat', 'Julian Draxler', 'Kylian Mbappé', 'Marco Verratti', 'Marquinhos', 'Pablo Sarabia', 'Thiago Silva', 'Thilo Kehrer']",/spielbericht/aufstellung/spielbericht/3195023
2,So. 18.08.19,21:00,A,(2.),Stade Rennais (8.),4-3-3 Attacking,28.596,2:1,Thomas Tuchel,"['Alphonse Areola', 'Thiago Silva', 'Abdou Diallo', 'Juan Bernat', 'Thomas Meunier', 'Marquinhos', 'Marco Verratti', 'Julian Draxler', 'Kylian Mbappé', 'Ángel Di María', 'Edinson Cavani']","['Abdou Diallo', 'Alphonse Areola', 'Edinson Cavani', 'Juan Bernat', 'Julian Draxler', 'Kylian Mbappé', 'Marco Verratti', 'Marquinhos', 'Thiago Silva', 'Thomas Meunier', 'Ángel Di María']",/spielbericht/aufstellung/spielbericht/3195263
3,So. 25.08.19,21:00,H,(8.),Toulouse (7.),4-3-3 Attacking,47.325,4:0,Thomas Tuchel,"['Alphonse Areola', 'Marquinhos', 'Abdou Diallo', 'Juan Bernat', 'Colin Dagba', 'Idrissa Gueye', 'Marco Verratti', 'Pablo Sarabia', 'Kylian Mbappé', 'Ángel Di María', 'Edinson Cavani']","['Abdou Diallo', 'Alphonse Areola', 'Colin Dagba', 'Edinson Cavani', 'Idrissa Gueye', 'Juan Bernat', 'Kylian Mbappé', 'Marco Verratti', 'Marquinhos', 'Pablo Sarabia', 'Ángel Di María']",/spielbericht/aufstellung/spielbericht/3199377
4,Fr. 30.08.19,20:45,A,(3.),FC Metz (10.),4-3-3 Attacking,20.685,0:2,Thomas Tuchel,"['Marcin Bulka', 'Thiago Silva', 'Marquinhos', 'Juan Bernat', 'Colin Dagba', 'Idrissa Gueye', 'Marco Verratti', 'Adil Aouchiche', 'Ángel Di María', 'Pablo Sarabia', 'Eric Maxim Choupo-Moting']","['Adil Aouchiche', 'Colin Dagba', 'Eric Maxim Choupo-Moting', 'Idrissa Gueye', 'Juan Bernat', 'Marcin Bulka', 'Marco Verratti', 'Marquinhos', 'Pablo Sarabia', 'Thiago Silva', 'Ángel Di María']",/spielbericht/aufstellung/spielbericht/3199395
5,Sa. 14.09.19,17:30,H,(1.),R. Strasbourg (17.),4-2-3-1,47.505,1:0,Thomas Tuchel,"['Keylor Navas', 'Thiago Silva', 'Abdou Diallo', 'Layvin Kurzawa', 'Colin Dagba', 'Idrissa Gueye', 'Marco Verratti', 'Pablo Sarabia', 'Ángel Di María', 'Neymar', 'Eric Maxim Choupo-Moting']","['Abdou Diallo', 'Colin Dagba', 'Eric Maxim Choupo-Moting', 'Idrissa Gueye', 'Keylor Navas', 'Layvin Kurzawa', 'Marco Verratti', 'Neymar', 'Pablo Sarabia', 'Thiago Silva', 'Ángel Di María']",/spielbericht/aufstellung/spielbericht/3199406
Group Stage,Mi. 18.09.19,21:00,H,,Real Madrid,4-3-3 Attacking,46.361,3:0,Thomas Tuchel,"['Keylor Navas', 'Presnel Kimpembe', 'Thiago Silva', 'Juan Bernat', 'Thomas Meunier', 'Marquinhos', 'Idrissa Gueye', 'Marco Verratti', 'Ángel Di María', 'Pablo Sarabia', 'Mauro Icardi']","['Idrissa Gueye', 'Juan Bernat', 'Keylor Navas', 'Marco Verratti', 'Marquinhos', 'Mauro Icardi', 'Pablo Sarabia', 'Presnel Kimpembe', 'Thiago Silva', 'Thomas Meunier', 'Ángel Di María']",/spielbericht/aufstellung/spielbericht/3252147
6,So. 22.09.19,21:00,A,(1.),Olympique Lyon (8.),4-3-3 Attacking,54.583,0:1,Thomas Tuchel,"['Keylor Navas', 'Thiago Silva', 'Abdou Diallo', 'Juan Bernat', 'Thomas Meunier', 'Marquinhos', 'Idrissa Gueye', 'Ander Herrera', 'Neymar', 'Ángel Di María', 'Eric Maxim Choupo-Moting']","['Abdou Diallo', 'Ander Herrera', 'Eric Maxim Choupo-Moting', 'Idrissa Gueye', 'Juan Bernat', 'Keylor Navas', 'Marquinhos', 'Neymar', 'Thiago Silva', 'Thomas Meunier', 'Ángel Di María']",/spielbericht/aufstellung/spielbericht/3199409
7,Mi. 25.09.19,21:00,H,(1.),Stade Reims (10.),4-3-3 Attacking,47.376,0:2,Thomas Tuchel,"['Keylor Navas', 'Presnel Kimpembe', 'Abdou Diallo', 'Layvin Kurzawa', 'Loïc Mbe Soh', 'Leandro Paredes', 'Juan Bernat', 'Ander Herrera', 'Neymar', 'Pablo Sarabia', 'Eric Maxim Choupo-Moting']","['Abdou Diallo', 'Ander Herrera', 'Eric Maxim Choupo-Moting', 'Juan Bernat', 'Keylor Navas', 'Layvin Kurzawa', 'Leandro Paredes', 'Loïc Mbe Soh', 'Neymar', 'Pablo Sarabia', 'Presnel Kimpembe']",/spielbericht/aufstellung/spielbericht/3199420
8,Sa. 28.09.19,17:30,A,(1.),G. Bordeaux (5.),4-3-3 Attacking,39.215,0:1,Thomas Tuchel,"['Keylor Navas', 'Thiago Silva', 'Abdou Diallo', 'Layvin Kurzawa', 'Thomas Meunier', 'Marquinhos', 'Idrissa Gueye', 'Marco Verratti', 'Ángel Di María', 'Pablo Sarabia', 'Neymar']","['Abdou Diallo', 'Idrissa Gueye', 'Keylor Navas', 'Layvin Kurzawa', 'Marco Verratti', 'Marquinhos', 'Neymar', 'Pablo Sarabia', 'Thiago Silva', 'Thomas Meunier', 'Ángel Di María']",/spielbericht/aufstellung/spielbericht/3199428
Group Stage,Di. 01.10.19,21:00,A,,Galatasaray,4-3-3 Attacking,46.532,0:1,Thomas Tuchel,"['Keylor Navas', 'Presnel Kimpembe', 'Thiago Silva', 'Juan Bernat', 'Thomas Meunier', 'Marquinhos', 'Idrissa Gueye', 'Marco Verratti', 'Ángel Di María', 'Pablo Sarabia', 'Mauro Icardi']","['Idrissa Gueye', 'Juan Bernat', 'Keylor Navas', 'Marco Verratti', 'Marquinhos', 'Mauro Icardi', 'Pablo Sarabia', 'Presnel Kimpembe', 'Thiago Silva', 'Thomas Meunier', 'Ángel Di María']",/spielbericht/aufstellung/spielbericht/3252163
9,Sa. 05.10.19,17:30,H,(1.),SCO Angers (2.),4-3-3 Attacking,47.700,4:0,Thomas Tuchel,"['Keylor Navas', 'Presnel Kimpembe', 'Thiago Silva', 'Juan Bernat', 'Ander Herrera', 'Leandro Paredes', 'Idrissa Gueye', 'Marco Verratti', 'Neymar', 'Pablo Sarabia', 'Mauro Icardi']","['Ander Herrera', 'Idrissa Gueye', 'Juan Bernat', 'Keylor Navas', 'Leandro Paredes', 'Marco Verratti', 'Mauro Icardi', 'Neymar', 'Pablo Sarabia', 'Presnel Kimpembe', 'Thiago Silva']",/spielbericht/aufstellung/spielbericht/3199442
10,Fr. 18.10.19,20:45,A,(1.),OGC Nice (8.),4-4-2 double 6,32.705,1:4,Thomas Tuchel,"['Keylor Navas', 'Presnel Kimpembe', 'Thiago Silva', 'Abdou Diallo', 'Thomas Meunier', 'Leandro Paredes', 'Ander Herrera', 'Eric Maxim Choupo-Moting', 'Ángel Di María', 'Pablo Sarabia', 'Mauro Icardi']","['Abdou Diallo', 'Ander Herrera', 'Eric Maxim Choupo-Moting', 'Keylor Navas', 'Leandro Paredes', 'Mauro Icardi', 'Pablo Sarabia', 'Presnel Kimpembe', 'Thiago Silva', 'Thomas Meunier', 'Ángel Di María']",/spielbericht/aufstellung/spielbericht/3199451
Group Stage,Di. 22.10.19,21:00,A,,Club Brugge,4-3-3 Attacking,26.946,0:5,Thomas Tuchel,"['Keylor Navas', 'Presnel Kimpembe', 'Thiago Silva', 'Juan Bernat', 'Thomas Meunier', 'Marquinhos', 'Marco Verratti', 'Ander Herrera', 'Eric Maxim Choupo-Moting', 'Ángel Di María', 'Mauro Icardi']","['Ander Herrera', 'Eric Maxim Choupo-Moting', 'Juan Bernat', 'Keylor Navas', 'Marco Verratti', 'Marquinhos', 'Mauro Icardi', 'Presnel Kimpembe', 'Thiago Silva', 'Thomas Meunier', 'Ángel Di María']",/spielbericht/aufstellung/spielbericht/3252186
11,So. 27.10.19,21:00,H,(1.),Marseille (4.),4-3-3 Attacking,47.926,4:0,Thomas Tuchel,"['Keylor Navas', 'Presnel Kimpembe', 'Thiago Silva', 'Juan Bernat', 'Colin Dagba', 'Marquinhos', 'Marco Verratti', 'Ander Herrera', 'Kylian Mbappé', 'Ángel Di María', 'Mauro Icardi']","['Ander Herrera', 'Colin Dagba', 'Juan Bernat', 'Keylor Navas', 'Kylian Mbappé', 'Marco Verratti', 'Marquinhos', 'Mauro Icardi', 'Presnel Kimpembe', 'Thiago Silva', 'Ángel Di María']",/spielbericht/aufstellung/spielbericht/3199462
12,Fr. 01.11.19,20:45,A,(1.),Dijon (20.),4-3-3 Attacking,14.849,2:1,Thomas Tuchel,"['Keylor Navas', 'Presnel Kimpembe', 'Marquinhos', 'Abdou Diallo', 'Colin Dagba', 'Leandro Paredes', 'Juan Bernat', 'Idrissa Gueye', 'Kylian Mbappé', 'Ángel Di María', 'Mauro Icardi']","['Abdou Diallo', 'Colin Dagba', 'Idrissa Gueye', 'Juan Bernat', 'Keylor Navas', 'Kylian Mbappé', 'Leandro Paredes', 'Marquinhos', 'Mauro Icardi', 'Presnel Kimpembe', 'Ángel Di María']",/spielbericht/aufstellung/spielbericht/3199473
Group Stage,Mi. 06.11.19,21:00,H,,Club Brugge,4-3-3 Attacking,47.418,1:0,Thomas Tuchel,"['Keylor Navas', 'Presnel Kimpembe', 'Thiago Silva', 'Juan Bernat', 'Colin Dagba', 'Marquinhos', 'Idrissa Gueye', 'Marco Verratti', 'Kylian Mbappé', 'Ángel Di María', 'Mauro Icardi']","['Colin Dagba', 'Idrissa Gueye', 'Juan Bernat', 'Keylor Navas', 'Kylian Mbappé', 'Marco Verratti', 'Marquinhos', 'Mauro Icardi', 'Presnel Kimpembe', 'Thiago Silva', 'Ángel Di María']",/spielbericht/aufstellung/spielbericht/3252210
13,Sa. 09.11.19,17:30,A,(1.),Stade Brestois (10.),4-3-3 Attacking,15.144,1:2,Thomas Tuchel,"['Sergio Rico', 'Thiago Silva', 'Abdou Diallo', 'Layvin Kurzawa', 'Colin Dagba', 'Idrissa Gueye', 'Marco Verratti', 'Julian Draxler', 'Ángel Di María', 'Pablo Sarabia', 'Edinson Cavani']","['Abdou Diallo', 'Colin Dagba', 'Edinson Cavani', 'Idrissa Gueye', 'Julian Draxler', 'Layvin Kurzawa', 'Marco Verratti', 'Pablo Sarabia', 'Sergio Rico', 'Thiago Silva', 'Ángel Di María']",/spielbericht/aufstellung/spielbericht/3199483
14,Fr. 22.11.19,20:45,H,(1.),LOSC Lille (6.),4-3-3 Attacking,47.476,2:0,Thomas Tuchel,"['Keylor Navas', 'Presnel Kimpembe', 'Thiago Silva', 'Juan Bernat', 'Thomas Meunier', 'Marquinhos', 'Idrissa Gueye', 'Julian Draxler', 'Neymar', 'Ángel Di María', 'Mauro Icardi']","['Idrissa Gueye', 'Juan Bernat', 'Julian Draxler', 'Keylor Navas', 'Marquinhos', 'Mauro Icardi', 'Neymar', 'Presnel Kimpembe', 'Thiago Silva', 'Thomas Meunier', 'Ángel Di María']",/spielbericht/aufstellung/spielbericht/3199488
Group Stage,Di. 26.11.19,21:00,A,,Real Madrid,4-3-3 Attacking,75.534,2:2,Thomas Tuchel,"['Keylor Navas', 'Presnel Kimpembe', 'Thiago Silva', 'Juan Bernat', 'Thomas Meunier', 'Marquinhos', 'Idrissa Gueye', 'Marco Verratti', 'Kylian Mbappé', 'Ángel Di María', 'Mauro Icardi']","['Idrissa Gueye', 'Juan Bernat', 'Keylor Navas', 'Kylian Mbappé', 'Marco Verratti', 'Marquinhos', 'Mauro Icardi', 'Presnel Kimpembe', 'Thiago Silva', 'Thomas Meunier', 'Ángel Di María']",/spielbericht/aufstellung/spielbericht/3252219
16,Mi. 04.12.19,21:05,H,(1.),FC Nantes (7.),4-3-3 Attacking,47.485,2:0,Thomas Tuchel,"['Keylor Navas', 'Thiago Silva', 'Abdou Diallo', 'Layvin Kurzawa', 'Thomas Meunier', 'Marquinhos', 'Idrissa Gueye', 'Julian Draxler', 'Neymar', 'Ángel Di María', 'Kylian Mbappé']","['Abdou Diallo', 'Idrissa Gueye', 'Julian Draxler', 'Keylor Navas', 'Kylian Mbappé', 'Layvin Kurzawa', 'Marquinhos', 'Neymar', 'Thiago Silva', 'Thomas Meunier', 'Ángel Di María']",/spielbericht/aufstellung/spielbericht/3199508
17,Sa. 07.12.19,17:30,A,(1.),Montpellier (7.),4-3-3 Attacking,20.197,1:3,Thomas Tuchel,"['Keylor Navas', 'Presnel Kimpembe', 'Thiago Silva', 'Juan Bernat', 'Thomas Meunier', 'Leandro Paredes', 'Idrissa Gueye', 'Pablo Sarabia', 'Neymar', 'Kylian Mbappé', 'Mauro Icardi']","['Idrissa Gueye', 'Juan Bernat', 'Keylor Navas', 'Kylian Mbappé', 'Leandro Paredes', 'Mauro Icardi', 'Neymar', 'Pablo Sarabia', 'Presnel Kimpembe', 'Thiago Silva', 'Thomas Meunier']",/spielbericht/aufstellung/spielbericht/3199520
Group Stage,Mi. 11.12.19,21:00,H,,Galatasaray,4-4-2 double 6,46.509,5:0,Thomas Tuchel,"['Sergio Rico', 'Marquinhos', 'Abdou Diallo', 'Juan Bernat', 'Layvin Kurzawa', 'Tanguy Nianzou', 'Leandro Paredes', 'Neymar', 'Pablo Sarabia', 'Kylian Mbappé', 'Mauro Icardi']","['Abdou Diallo', 'Juan Bernat', 'Kylian Mbappé', 'Layvin Kurzawa', 'Leandro Paredes', 'Marquinhos', 'Mauro Icardi', 'Neymar', 'Pablo Sarabia', 'Sergio Rico', 'Tanguy Nianzou']",/spielbericht/aufstellung/spielbericht/3252243
18,So. 15.12.19,21:00,A,(1.),Saint-Étienne (9.),4-4-2 double 6,36.391,0:4,Thomas Tuchel,"['Keylor Navas', 'Thiago Silva', 'Abdou Diallo', 'Juan Bernat', 'Thomas Meunier', 'Marquinhos', 'Leandro Paredes', 'Neymar', 'Ángel Di María', 'Kylian Mbappé', 'Mauro Icardi']","['Abdou Diallo', 'Juan Bernat', 'Keylor Navas', 'Kylian Mbappé', 'Leandro Paredes', 'Marquinhos', 'Mauro Icardi', 'Neymar', 'Thiago Silva', 'Thomas Meunier', 'Ángel Di María']",/spielbericht/aufstellung/spielbericht/3199529
Round of 16,Mi. 18.12.19,21:05,A,,Le Mans FC,4-4-2 double 6,24.425,1:4,Thomas Tuchel,"['Sergio Rico', 'Thilo Kehrer', 'Marquinhos', 'Layvin Kurzawa', 'Colin Dagba', 'Tanguy Nianzou', 'Marco Verratti', 'Ángel Di María', 'Pablo Sarabia', 'Kylian Mbappé', 'Eric Maxim Choupo-Moting']","['Colin Dagba', 'Eric Maxim Choupo-Moting', 'Kylian Mbappé', 'Layvin Kurzawa', 'Marco Verratti', 'Marquinhos', 'Pablo Sarabia', 'Sergio Rico', 'Tanguy Nianzou', 'Thilo Kehrer', 'Ángel Di María']",/spielbericht/aufstellung/spielbericht/3280967
19,Sa. 21.12.19,20:45,H,(1.),Amiens SC (16.),4-4-2 double 6,47.693,4:1,Thomas Tuchel,"['Keylor Navas', 'Thiago Silva', 'Abdou Diallo', 'Juan Bernat', 'Thomas Meunier', 'Marquinhos', 'Leandro Paredes', 'Neymar', 'Ángel Di María', 'Kylian Mbappé', 'Mauro Icardi']","['Abdou Diallo', 'Juan Bernat', 'Keylor Navas', 'Kylian Mbappé', 'Leandro Paredes', 'Marquinhos', 'Mauro Icardi', 'Neymar', 'Thiago Silva', 'Thomas Meunier', 'Ángel Di María']",/spielbericht/aufstellung/spielbericht/3199546
Third Round,So. 05.01.20,20:55,A,,Linas-Montlhéry,4-3-3 Attacking,14.987,0:6,Thomas Tuchel,"['Sergio Rico', 'Thilo Kehrer', 'Tanguy Nianzou', 'Layvin Kurzawa', 'Colin Dagba', 'Leandro Paredes', 'Ander Herrera', 'Julian Draxler', 'Adil Aouchiche', 'Pablo Sarabia', 'Edinson Cavani']","['Adil Aouchiche', 'Ander Herrera', 'Colin Dagba', 'Edinson Cavani', 'Julian Draxler', 'Layvin Kurzawa', 'Leandro Paredes', 'Pablo Sarabia', 'Sergio Rico', 'Tanguy Nianzou', 'Thilo Kehrer']",/spielbericht/aufstellung/spielbericht/3290291
Quarter-Finals,Mi. 08.01.20,21:05,H,,Saint-Étienne,4-4-2 double 6,47.677,6:1,Thomas Tuchel,"['Sergio Rico', 'Thilo Kehrer', 'Marquinhos', 'Juan Bernat', 'Thomas Meunier', 'Idrissa Gueye', 'Marco Verratti', 'Neymar', 'Ángel Di María', 'Kylian Mbappé', 'Mauro Icardi']","['Idrissa Gueye', 'Juan Bernat', 'Kylian Mbappé', 'Marco Verratti', 'Marquinhos', 'Mauro Icardi', 'Neymar', 'Sergio Rico', 'Thilo Kehrer', 'Thomas Meunier', 'Ángel Di María']",/spielbericht/aufstellung/spielbericht/3293297
20,So. 12.01.20,21:00,H,(1.),Monaco (7.),4-4-2 double 6,47.580,3:3,Thomas Tuchel,"['Keylor Navas', 'Thiago Silva', 'Marquinhos', 'Juan Bernat', 'Thomas Meunier', 'Idrissa Gueye', 'Marco Verratti', 'Neymar', 'Ángel Di María', 'Kylian Mbappé', 'Mauro Icardi']","['Idrissa Gueye', 'Juan Bernat', 'Keylor Navas', 'Kylian Mbappé', 'Marco Verratti', 'Marquinhos', 'Mauro Icardi', 'Neymar', 'Thiago Silva', 'Thomas Meunier', 'Ángel Di María']",/spielbericht/aufstellung/spielbericht/3199556
15,Mi. 15.01.20,21:00,A,(1.),Monaco (14.),4-4-2 double 6,11.214,1:4,Thomas Tuchel,"['Keylor Navas', 'Presnel Kimpembe', 'Thiago Silva', 'Layvin Kurzawa', 'Colin Dagba', 'Tanguy Nianzou', 'Idrissa Gueye', 'Neymar', 'Ángel Di María', 'Kylian Mbappé', 'Mauro Icardi']","['Colin Dagba', 'Idrissa Gueye', 'Keylor Navas', 'Kylian Mbappé', 'Layvin Kurzawa', 'Mauro Icardi', 'Neymar', 'Presnel Kimpembe', 'Tanguy Nianzou', 'Thiago Silva', 'Ángel Di María']",/spielbericht/aufstellung/spielbericht/3199499
Fourth Round,So. 19.01.20,20:55,A,,FC Lorient,4-4-2 double 6,14.000,0:1,Thomas Tuchel,"['Sergio Rico', 'Thiago Silva', 'Abdou Diallo', 'Layvin Kurzawa', 'Colin Dagba', 'Idrissa Gueye', 'Leandro Paredes', 'Julian Draxler', 'Ángel Di María', 'Pablo Sarabia', 'Mauro Icardi']","['Abdou Diallo', 'Colin Dagba', 'Idrissa Gueye', 'Julian Draxler', 'Layvin Kurzawa', 'Leandro Paredes', 'Mauro Icardi', 'Pablo Sarabia', 'Sergio Rico', 'Thiago Silva', 'Ángel Di María']",/spielbericht/aufstellung/spielbericht/3302578
Semi-Finals,Mi. 22.01.20,21:00,A,,Stade Reims,4-4-2 double 6,20.437,0:3,Thomas Tuchel,"['Keylor Navas', 'Presnel Kimpembe', 'Marquinhos', 'Abdou Diallo', 'Thomas Meunier', 'Leandro Paredes', 'Marco Verratti', 'Julian Draxler', 'Neymar', 'Pablo Sarabia', 'Kylian Mbappé']","['Abdou Diallo', 'Julian Draxler', 'Keylor Navas', 'Kylian Mbappé', 'Leandro Paredes', 'Marco Verratti', 'Marquinhos', 'Neymar', 'Pablo Sarabia', 'Presnel Kimpembe', 'Thomas Meunier']",/spielbericht/aufstellung/spielbericht/3304317
21,So. 26.01.20,21:00,A,(1.),LOSC Lille (5.),4-4-2 double 6,49.132,0:2,Thomas Tuchel,"['Keylor Navas', 'Presnel Kimpembe', 'Thiago Silva', 'Abdou Diallo', 'Thomas Meunier', 'Idrissa Gueye', 'Marco Verratti', 'Neymar', 'Ángel Di María', 'Kylian Mbappé', 'Mauro Icardi']","['Abdou Diallo', 'Idrissa Gueye', 'Keylor Navas', 'Kylian Mbappé', 'Marco Verratti', 'Mauro Icardi', 'Neymar', 'Presnel Kimpembe', 'Thiago Silva', 'Thomas Meunier', 'Ángel Di María']",/spielbericht/aufstellung/spielbericht/3199566
Round of 16,Mi. 29.01.20,18:30,A,,Pau FC,4-4-2 double 6,16.707,0:2,Thomas Tuchel,"['Sergio Rico', 'Thilo Kehrer', 'Tanguy Nianzou', 'Layvin Kurzawa', 'Colin Dagba', 'Leandro Paredes', 'Ander Herrera', 'Julian Draxler', 'Pablo Sarabia', 'Mauro Icardi', 'Eric Maxim Choupo-Moting']","['Ander Herrera', 'Colin Dagba', 'Eric Maxim Choupo-Moting', 'Julian Draxler', 'Layvin Kurzawa', 'Leandro Paredes', 'Mauro Icardi', 'Pablo Sarabia', 'Sergio Rico', 'Tanguy Nianzou', 'Thilo Kehrer']",/spielbericht/aufstellung/spielbericht/3307466
22,Sa. 01.02.20,17:30,H,(1.),Montpellier (4.),4-4-2 double 6,47.701,5:0,Thomas Tuchel,"['Keylor Navas', 'Presnel Kimpembe', 'Tanguy Nianzou', 'Layvin Kurzawa', 'Thomas Meunier', 'Idrissa Gueye', 'Marco Verratti', 'Neymar', 'Ángel Di María', 'Pablo Sarabia', 'Kylian Mbappé']","['Idrissa Gueye', 'Keylor Navas', 'Kylian Mbappé', 'Layvin Kurzawa', 'Marco Verratti', 'Neymar', 'Pablo Sarabia', 'Presnel Kimpembe', 'Tanguy Nianzou', 'Thomas Meunier', 'Ángel Di María']",/spielbericht/aufstellung/spielbericht/3199572
23,Di. 04.02.20,21:05,A,(1.),FC Nantes (9.),4-4-2 double 6,34.307,1:2,Thomas Tuchel,"['Keylor Navas', 'Presnel Kimpembe', 'Thilo Kehrer', 'Layvin Kurzawa', 'Thomas Meunier', 'Idrissa Gueye', 'Marco Verratti', 'Pablo Sarabia', 'Ángel Di María', 'Kylian Mbappé', 'Mauro Icardi']","['Idrissa Gueye', 'Keylor Navas', 'Kylian Mbappé', 'Layvin Kurzawa', 'Marco Verratti', 'Mauro Icardi', 'Pablo Sarabia', 'Presnel Kimpembe', 'Thilo Kehrer', 'Thomas Meunier', 'Ángel Di María']",/spielbericht/aufstellung/spielbericht/3199581
24,So. 09.02.20,21:05,H,(1.),Olympique Lyon (6.),4-4-2 double 6,47.000,4:2,Thomas Tuchel,"['Keylor Navas', 'Presnel Kimpembe', 'Thilo Kehrer', 'Layvin Kurzawa', 'Thomas Meunier', 'Idrissa Gueye', 'Marco Verratti', 'Julian Draxler', 'Ángel Di María', 'Kylian Mbappé', 'Mauro Icardi']","['Idrissa Gueye', 'Julian Draxler', 'Keylor Navas', 'Kylian Mbappé', 'Layvin Kurzawa', 'Marco Verratti', 'Mauro Icardi', 'Presnel Kimpembe', 'Thilo Kehrer', 'Thomas Meunier', 'Ángel Di María']",/spielbericht/aufstellung/spielbericht/3199592
Quarter-Finals,Mi. 12.02.20,18:30,A,,Dijon,4-4-2 double 6,14.193,1:6,Thomas Tuchel,"['Keylor Navas', 'Thiago Silva', 'Thilo Kehrer', 'Mitchel Bakker', 'Thomas Meunier', 'Tanguy Nianzou', 'Ander Herrera', 'Pablo Sarabia', 'Julian Draxler', 'Kylian Mbappé', 'Edinson Cavani']","['Ander Herrera', 'Edinson Cavani', 'Julian Draxler', 'Keylor Navas', 'Kylian Mbappé', 'Mitchel Bakker', 'Pablo Sarabia', 'Tanguy Nianzou', 'Thiago Silva', 'Thilo Kehrer', 'Thomas Meunier']",/spielbericht/aufstellung/spielbericht/3312628
25,Sa. 15.02.20,17:30,A,(1.),Amiens SC (19.),4-4-2 double 6,14.964,4:4,Thomas Tuchel,"['Keylor Navas', 'Thiago Silva', 'Tanguy Nianzou', 'Mitchel Bakker', 'Ander Herrera', 'Leandro Paredes', 'Idrissa Gueye', 'Julian Draxler', 'Ángel Di María', 'Edinson Cavani', 'Mauro Icardi']","['Ander Herrera', 'Edinson Cavani', 'Idrissa Gueye', 'Julian Draxler', 'Keylor Navas', 'Leandro Paredes', 'Mauro Icardi', 'Mitchel Bakker', 'Tanguy Nianzou', 'Thiago Silva', 'Ángel Di María']",/spielbericht/aufstellung/spielbericht/3199604
last 16,Di. 18.02.20,21:00,A,,Bor. Dortmund,3-4-3,66.099,2:1,Thomas Tuchel,"['Keylor Navas', 'Presnel Kimpembe', 'Thiago Silva', 'Marquinhos', 'Idrissa Gueye', 'Marco Verratti', 'Thomas Meunier', 'Layvin Kurzawa', 'Neymar', 'Ángel Di María', 'Kylian Mbappé']","['Idrissa Gueye', 'Keylor Navas', 'Kylian Mbappé', 'Layvin Kurzawa', 'Marco Verratti', 'Marquinhos', 'Neymar', 'Presnel Kimpembe', 'Thiago Silva', 'Thomas Meunier', 'Ángel Di María']",/spielbericht/aufstellung/spielbericht/3291927
26,So. 23.02.20,21:00,H,(1.),G. Bordeaux (10.),4-4-2 double 6,47.771,4:3,Thomas Tuchel,"['Sergio Rico', 'Presnel Kimpembe', 'Thiago Silva', 'Juan Bernat', 'Thilo Kehrer', 'Marquinhos', 'Marco Verratti', 'Neymar', 'Ángel Di María', 'Kylian Mbappé', 'Edinson Cavani']","['Edinson Cavani', 'Juan Bernat', 'Kylian Mbappé', 'Marco Verratti', 'Marquinhos', 'Neymar', 'Presnel Kimpembe', 'Sergio Rico', 'Thiago Silva', 'Thilo Kehrer', 'Ángel Di María']",/spielbericht/aufstellung/spielbericht/3199626
27,Sa. 29.02.20,17:30,H,(1.),Dijon (17.),4-4-2 double 6,47.542,4:0,Thomas Tuchel,"['Keylor Navas', 'Presnel Kimpembe', 'Tanguy Nianzou', 'Juan Bernat', 'Thilo Kehrer', 'Marquinhos', 'Idrissa Gueye', 'Pablo Sarabia', 'Ángel Di María', 'Kylian Mbappé', 'Edinson Cavani']","['Edinson Cavani', 'Idrissa Gueye', 'Juan Bernat', 'Keylor Navas', 'Kylian Mbappé', 'Marquinhos', 'Pablo Sarabia', 'Presnel Kimpembe', 'Tanguy Nianzou', 'Thilo Kehrer', 'Ángel Di María']",/spielbericht/aufstellung/spielbericht/3199633
Semi-Finals,Mi. 04.03.20,21:10,A,,Olympique Lyon,4-4-2 double 6,45.754,1:5,Thomas Tuchel,"['Keylor Navas', 'Thilo Kehrer', 'Marquinhos', 'Layvin Kurzawa', 'Thomas Meunier', 'Leandro Paredes', 'Idrissa Gueye', 'Neymar', 'Pablo Sarabia', 'Kylian Mbappé', 'Edinson Cavani']","['Edinson Cavani', 'Idrissa Gueye', 'Keylor Navas', 'Kylian Mbappé', 'Layvin Kurzawa', 'Leandro Paredes', 'Marquinhos', 'Neymar', 'Pablo Sarabia', 'Thilo Kehrer', 'Thomas Meunier']",/spielbericht/aufstellung/spielbericht/3323313
last 16,Mi. 11.03.20,21:00,H,,Bor. Dortmund,4-4-2 double 6,x,2:0,Thomas Tuchel,"['Keylor Navas', 'Presnel Kimpembe', 'Marquinhos', 'Juan Bernat', 'Thilo Kehrer', 'Leandro Paredes', 'Idrissa Gueye', 'Neymar', 'Ángel Di María', 'Pablo Sarabia', 'Edinson Cavani']","['Edinson Cavani', 'Idrissa Gueye', 'Juan Bernat', 'Keylor Navas', 'Leandro Paredes', 'Marquinhos', 'Neymar', 'Pablo Sarabia', 'Presnel Kimpembe', 'Thilo Kehrer', 'Ángel Di María']",/spielbericht/aufstellung/spielbericht/3291935
Final,Fr. 24.07.20,21:10,H,,Saint-Étienne,4-4-2 double 6,5.000,1:0,Thomas Tuchel,"['Keylor Navas', 'Thiago Silva', 'Marquinhos', 'Mitchel Bakker', 'Thilo Kehrer', 'Leandro Paredes', 'Idrissa Gueye', 'Neymar', 'Ángel Di María', 'Kylian Mbappé', 'Mauro Icardi']","['Idrissa Gueye', 'Keylor Navas', 'Kylian Mbappé', 'Leandro Paredes', 'Marquinhos', 'Mauro Icardi', 'Mitchel Bakker', 'Neymar', 'Thiago Silva', 'Thilo Kehrer', 'Ángel Di María']",/spielbericht/aufstellung/spielbericht/3331416
Final,Fr. 31.07.20,21:10,H,,Olympique Lyon,4-3-3 Attacking,3.500,6:5 on pens,Thomas Tuchel,"['Keylor Navas', 'Presnel Kimpembe', 'Thiago Silva', 'Mitchel Bakker', 'Layvin Kurzawa', 'Marquinhos', 'Idrissa Gueye', 'Marco Verratti', 'Neymar', 'Ángel Di María', 'Mauro Icardi']","['Idrissa Gueye', 'Keylor Navas', 'Layvin Kurzawa', 'Marco Verratti', 'Marquinhos', 'Mauro Icardi', 'Mitchel Bakker', 'Neymar', 'Presnel Kimpembe', 'Thiago Silva', 'Ángel Di María']",/spielbericht/aufstellung/spielbericht/3309600
Quarter-Finals,Mi. 12.08.20,21:00,A,,Atalanta BC,4-3-3 Attacking,x,1:2,Thomas Tuchel,"['Keylor Navas', 'Presnel Kimpembe', 'Thiago Silva', 'Juan Bernat', 'Thilo Kehrer', 'Marquinhos', 'Idrissa Gueye', 'Ander Herrera', 'Neymar', 'Pablo Sarabia', 'Mauro Icardi']","['Ander Herrera', 'Idrissa Gueye', 'Juan Bernat', 'Keylor Navas', 'Marquinhos', 'Mauro Icardi', 'Neymar', 'Pablo Sarabia', 'Presnel Kimpembe', 'Thiago Silva', 'Thilo Kehrer']",/spielbericht/aufstellung/spielbericht/3395237
Semi-Finals,Di. 18.08.20,21:00,A,,RB Leipzig,4-1-4-1,x,0:3,Thomas Tuchel,"['Sergio Rico', 'Presnel Kimpembe', 'Thiago Silva', 'Juan Bernat', 'Thilo Kehrer', 'Marquinhos', 'Leandro Paredes', 'Ander Herrera', 'Kylian Mbappé', 'Ángel Di María', 'Neymar']","['Ander Herrera', 'Juan Bernat', 'Kylian Mbappé', 'Leandro Paredes', 'Marquinhos', 'Neymar', 'Presnel Kimpembe', 'Sergio Rico', 'Thiago Silva', 'Thilo Kehrer', 'Ángel Di María']",/spielbericht/aufstellung/spielbericht/3418065
Final,So. 23.08.20,21:00,H,,FC Bayern,4-3-3 Attacking,x,0:1,Thomas Tuchel,"['Keylor Navas', 'Presnel Kimpembe', 'Thiago Silva', 'Juan Bernat', 'Thilo Kehrer', 'Marquinhos', 'Leandro Paredes', 'Ander Herrera', 'Kylian Mbappé', 'Ángel Di María', 'Neymar']","['Ander Herrera', 'Juan Bernat', 'Keylor Navas', 'Kylian Mbappé', 'Leandro Paredes', 'Marquinhos', 'Neymar', 'Presnel Kimpembe', 'Thiago Silva', 'Thilo Kehrer', 'Ángel Di María']",/spielbericht/aufstellung/spielbericht/3421017
2,Do. 10.09.20,21:00,A,(6.),Lens (15.),4-3-3 Attacking,5.067,1:0,Thomas Tuchel,"['Marcin Bulka', 'Presnel Kimpembe', 'Thilo Kehrer', 'Juan Bernat', 'Layvin Kurzawa', 'Idrissa Gueye', 'Marco Verratti', 'Ander Herrera', 'Kays Ruiz-Atil', 'Pablo Sarabia', 'Arnaud Kalimuendo']","['Ander Herrera', 'Arnaud Kalimuendo', 'Idrissa Gueye', 'Juan Bernat', 'Kays Ruiz-Atil', 'Layvin Kurzawa', 'Marcin Bulka', 'Marco Verratti', 'Pablo Sarabia', 'Presnel Kimpembe', 'Thilo Kehrer']",/spielbericht/aufstellung/spielbericht/3394577
3,So. 13.09.20,21:00,H,(13.),Marseille (14.),4-3-3 Attacking,3.904,0:1,Thomas Tuchel,"['Sergio Rico', 'Presnel Kimpembe', 'Thilo Kehrer', 'Juan Bernat', 'Alessandro Florenzi', 'Idrissa Gueye', 'Marco Verratti', 'Ander Herrera', 'Ángel Di María', 'Pablo Sarabia', 'Neymar']","['Alessandro Florenzi', 'Ander Herrera', 'Idrissa Gueye', 'Juan Bernat', 'Marco Verratti', 'Neymar', 'Pablo Sarabia', 'Presnel Kimpembe', 'Sergio Rico', 'Thilo Kehrer', 'Ángel Di María']",/spielbericht/aufstellung/spielbericht/3394582
1,Mi. 16.09.20,21:00,H,(2.),FC Metz (10.),4-3-3 Attacking,3.352,1:0,Thomas Tuchel,"['Keylor Navas', 'Marquinhos', 'Abdou Diallo', 'Mitchel Bakker', 'Colin Dagba', 'Ander Herrera', 'Idrissa Gueye', 'Julian Draxler', 'Ángel Di María', 'Pablo Sarabia', 'Mauro Icardi']","['Abdou Diallo', 'Ander Herrera', 'Colin Dagba', 'Idrissa Gueye', 'Julian Draxler', 'Keylor Navas', 'Marquinhos', 'Mauro Icardi', 'Mitchel Bakker', 'Pablo Sarabia', 'Ángel Di María']",/spielbericht/aufstellung/spielbericht/3393961
4,So. 20.09.20,13:00,A,(15.),OGC Nice (6.),4-3-3 Attacking,x,0:3,Thomas Tuchel,"['Keylor Navas', 'Presnel Kimpembe', 'Marquinhos', 'Mitchel Bakker', 'Alessandro Florenzi', 'Marco Verratti', 'Idrissa Gueye', 'Julian Draxler', 'Kylian Mbappé', 'Ángel Di María', 'Mauro Icardi']","['Alessandro Florenzi', 'Idrissa Gueye', 'Julian Draxler', 'Keylor Navas', 'Kylian Mbappé', 'Marco Verratti', 'Marquinhos', 'Mauro Icardi', 'Mitchel Bakker', 'Presnel Kimpembe', 'Ángel Di María']",/spielbericht/aufstellung/spielbericht/3394593
5,So. 27.09.20,21:00,A,(8.),Stade Reims (19.),4-1-4-1,4.988,0:2,Thomas Tuchel,"['Keylor Navas', 'Presnel Kimpembe', 'Marquinhos', 'Mitchel Bakker', 'Alessandro Florenzi', 'Leandro Paredes', 'Neymar', 'Julian Draxler', 'Kylian Mbappé', 'Ángel Di María', 'Mauro Icardi']","['Alessandro Florenzi', 'Julian Draxler', 'Keylor Navas', 'Kylian Mbappé', 'Leandro Paredes', 'Marquinhos', 'Mauro Icardi', 'Mitchel Bakker', 'Neymar', 'Presnel Kimpembe', 'Ángel Di María']",/spielbericht/aufstellung/spielbericht/3394603
6,Fr. 02.10.20,21:00,H,(7.),SCO Angers (8.),4-4-2 double 6,1.000,6:1,Thomas Tuchel,"['Keylor Navas', 'Presnel Kimpembe', 'Marquinhos', 'Mitchel Bakker', 'Alessandro Florenzi', 'Leandro Paredes', 'Marco Verratti', 'Neymar', 'Julian Draxler', 'Kylian Mbappé', 'Mauro Icardi']","['Alessandro Florenzi', 'Julian Draxler', 'Keylor Navas', 'Kylian Mbappé', 'Leandro Paredes', 'Marco Verratti', 'Marquinhos', 'Mauro Icardi', 'Mitchel Bakker', 'Neymar', 'Presnel Kimpembe']",/spielbericht/aufstellung/spielbericht/3394613
7,Fr. 16.10.20,21:00,A,(4.),Nîmes Olympique (13.),4-3-3 Attacking,3.526,0:4,Thomas Tuchel,"['Keylor Navas', 'Presnel Kimpembe', 'Abdou Diallo', 'Mitchel Bakker', 'Alessandro Florenzi', 'Leandro Paredes', 'Idrissa Gueye', 'Rafinha', 'Kylian Mbappé', 'Pablo Sarabia', 'Moise Kean']","['Abdou Diallo', 'Alessandro Florenzi', 'Idrissa Gueye', 'Keylor Navas', 'Kylian Mbappé', 'Leandro Paredes', 'Mitchel Bakker', 'Moise Kean', 'Pablo Sarabia', 'Presnel Kimpembe', 'Rafinha']",/spielbericht/aufstellung/spielbericht/3394624
Group Stage,Di. 20.10.20,21:00,H,,Man Utd,4-3-3 Attacking,x,1:2,Thomas Tuchel,"['Keylor Navas', 'Presnel Kimpembe', 'Abdou Diallo', 'Layvin Kurzawa', 'Alessandro Florenzi', 'Danilo Pereira', 'Idrissa Gueye', 'Ander Herrera', 'Neymar', 'Ángel Di María', 'Kylian Mbappé']","['Abdou Diallo', 'Alessandro Florenzi', 'Ander Herrera', 'Danilo Pereira', 'Idrissa Gueye', 'Keylor Navas', 'Kylian Mbappé', 'Layvin Kurzawa', 'Neymar', 'Presnel Kimpembe', 'Ángel Di María']",/spielbericht/aufstellung/spielbericht/3461724
8,Sa. 24.10.20,21:00,H,(2.),Dijon (20.),4-3-3 Attacking,x,4:0,Thomas Tuchel,"['Sergio Rico', 'Abdou Diallo', 'Danilo Pereira', 'Mitchel Bakker', 'Colin Dagba', 'Marquinhos', 'Rafinha', 'Julian Draxler', 'Neymar', 'Pablo Sarabia', 'Moise Kean']","['Abdou Diallo', 'Colin Dagba', 'Danilo Pereira', 'Julian Draxler', 'Marquinhos', 'Mitchel Bakker', 'Moise Kean', 'Neymar', 'Pablo Sarabia', 'Rafinha', 'Sergio Rico']",/spielbericht/aufstellung/spielbericht/3394640
Group Stage,Mi. 28.10.20,18:55,A,,Basaksehir,4-4-2 double 6,x,0:2,Thomas Tuchel,"['Keylor Navas', 'Presnel Kimpembe', 'Danilo Pereira', 'Layvin Kurzawa', 'Alessandro Florenzi', 'Marquinhos', 'Ander Herrera', 'Neymar', 'Ángel Di María', 'Kylian Mbappé', 'Moise Kean']","['Alessandro Florenzi', 'Ander Herrera', 'Danilo Pereira', 'Keylor Navas', 'Kylian Mbappé', 'Layvin Kurzawa', 'Marquinhos', 'Moise Kean', 'Neymar', 'Presnel Kimpembe', 'Ángel Di María']",/spielbericht/aufstellung/spielbericht/3461747
9,Sa. 31.10.20,21:00,A,(1.),FC Nantes (14.),4-3-3 Attacking,x,0:3,Thomas Tuchel,"['Keylor Navas', 'Abdou Diallo', 'Danilo Pereira', 'Mitchel Bakker', 'Colin Dagba', 'Idrissa Gueye', 'Ander Herrera', 'Rafinha', 'Kylian Mbappé', 'Pablo Sarabia', 'Moise Kean']","['Abdou Diallo', 'Ander Herrera', 'Colin Dagba', 'Danilo Pereira', 'Idrissa Gueye', 'Keylor Navas', 'Kylian Mbappé', 'Mitchel Bakker', 'Moise Kean', 'Pablo Sarabia', 'Rafinha']",/spielbericht/aufstellung/spielbericht/3394650
Group Stage,Mi. 04.11.20,21:00,A,,RB Leipzig,4-3-3 Attacking,x,2:1,Thomas Tuchel,"['Keylor Navas', 'Presnel Kimpembe', 'Danilo Pereira', 'Layvin Kurzawa', 'Alessandro Florenzi', 'Marquinhos', 'Idrissa Gueye', 'Ander Herrera', 'Pablo Sarabia', 'Ángel Di María', 'Moise Kean']","['Alessandro Florenzi', 'Ander Herrera', 'Danilo Pereira', 'Idrissa Gueye', 'Keylor Navas', 'Layvin Kurzawa', 'Marquinhos', 'Moise Kean', 'Pablo Sarabia', 'Presnel Kimpembe', 'Ángel Di María']",/spielbericht/aufstellung/spielbericht/3461764
10,Sa. 07.11.20,21:00,H,(1.),Stade Rennais (3.),4-3-3 Attacking,x,3:0,Thomas Tuchel,"['Keylor Navas', 'Marquinhos', 'Abdou Diallo', 'Layvin Kurzawa', 'Thilo Kehrer', 'Idrissa Gueye', 'Leandro Paredes', 'Ander Herrera', 'Ángel Di María', 'Alessandro Florenzi', 'Moise Kean']","['Abdou Diallo', 'Alessandro Florenzi', 'Ander Herrera', 'Idrissa Gueye', 'Keylor Navas', 'Layvin Kurzawa', 'Leandro Paredes', 'Marquinhos', 'Moise Kean', 'Thilo Kehrer', 'Ángel Di María']",/spielbericht/aufstellung/spielbericht/3394661
11,Fr. 20.11.20,21:00,A,(1.),Monaco (7.),4-4-2 double 6,x,3:2,Thomas Tuchel,"['Keylor Navas', 'Presnel Kimpembe', 'Abdou Diallo', 'Layvin Kurzawa', 'Colin Dagba', 'Danilo Pereira', 'Rafinha', 'Ángel Di María', 'Pablo Sarabia', 'Kylian Mbappé', 'Moise Kean']","['Abdou Diallo', 'Colin Dagba', 'Danilo Pereira', 'Keylor Navas', 'Kylian Mbappé', 'Layvin Kurzawa', 'Moise Kean', 'Pablo Sarabia', 'Presnel Kimpembe', 'Rafinha', 'Ángel Di María']",/spielbericht/aufstellung/spielbericht/3394673
Group Stage,Di. 24.11.20,21:00,H,,RB Leipzig,4-3-3 Attacking,x,1:0,Thomas Tuchel,"['Keylor Navas', 'Marquinhos', 'Abdou Diallo', 'Mitchel Bakker', 'Alessandro Florenzi', 'Danilo Pereira', 'Leandro Paredes', 'Ander Herrera', 'Kylian Mbappé', 'Ángel Di María', 'Neymar']","['Abdou Diallo', 'Alessandro Florenzi', 'Ander Herrera', 'Danilo Pereira', 'Keylor Navas', 'Kylian Mbappé', 'Leandro Paredes', 'Marquinhos', 'Mitchel Bakker', 'Neymar', 'Ángel Di María']",/spielbericht/aufstellung/spielbericht/3461779
12,Sa. 28.11.20,21:00,H,(1.),G. Bordeaux (12.),4-4-2 double 6,x,2:2,Thomas Tuchel,"['Sergio Rico', 'Presnel Kimpembe', 'Timothée Pembélé', 'Mitchel Bakker', 'Alessandro Florenzi', 'Leandro Paredes', 'Marco Verratti', 'Neymar', 'Rafinha', 'Kylian Mbappé', 'Moise Kean']","['Alessandro Florenzi', 'Kylian Mbappé', 'Leandro Paredes', 'Marco Verratti', 'Mitchel Bakker', 'Moise Kean', 'Neymar', 'Presnel Kimpembe', 'Rafinha', 'Sergio Rico', 'Timothée Pembélé']",/spielbericht/aufstellung/spielbericht/3394677
Group Stage,Mi. 02.12.20,21:00,A,,Man Utd,4-3-3 Attacking,x,1:3,Thomas Tuchel,"['Keylor Navas', 'Presnel Kimpembe', 'Marquinhos', 'Abdou Diallo', 'Alessandro Florenzi', 'Danilo Pereira', 'Leandro Paredes', 'Marco Verratti', 'Neymar', 'Kylian Mbappé', 'Moise Kean']","['Abdou Diallo', 'Alessandro Florenzi', 'Danilo Pereira', 'Keylor Navas', 'Kylian Mbappé', 'Leandro Paredes', 'Marco Verratti', 'Marquinhos', 'Moise Kean', 'Neymar', 'Presnel Kimpembe']",/spielbericht/aufstellung/spielbericht/3461791
13,Sa. 05.12.20,21:00,A,(1.),Montpellier (6.),5-3-2,x,1:3,Thomas Tuchel,"['Keylor Navas', 'Timothée Pembélé', 'Layvin Kurzawa', 'Abdou Diallo', 'Mitchel Bakker', 'Colin Dagba', 'Idrissa Gueye', 'Ander Herrera', 'Rafinha', 'Ángel Di María', 'Moise Kean']","['Abdou Diallo', 'Ander Herrera', 'Colin Dagba', 'Idrissa Gueye', 'Keylor Navas', 'Layvin Kurzawa', 'Mitchel Bakker', 'Moise Kean', 'Rafinha', 'Timothée Pembélé', 'Ángel Di María']",/spielbericht/aufstellung/spielbericht/3394686
Group Stage,Mi. 09.12.20,18:55,H,,Basaksehir,5-3-2,x,5:1,Thomas Tuchel,"['Keylor Navas', 'Presnel Kimpembe', 'Marquinhos', 'Danilo Pereira', 'Mitchel Bakker', 'Alessandro Florenzi', 'Leandro Paredes', 'Marco Verratti', 'Rafinha', 'Neymar', 'Kylian Mbappé']","['Alessandro Florenzi', 'Danilo Pereira', 'Keylor Navas', 'Kylian Mbappé', 'Leandro Paredes', 'Marco Verratti', 'Marquinhos', 'Mitchel Bakker', 'Neymar', 'Presnel Kimpembe', 'Rafinha']",/spielbericht/aufstellung/spielbericht/3461822
14,So. 13.12.20,21:00,H,(1.),Olympique Lyon (4.),4-3-3 Attacking,x,0:1,Thomas Tuchel,"['Keylor Navas', 'Presnel Kimpembe', 'Abdou Diallo', 'Mitchel Bakker', 'Alessandro Florenzi', 'Danilo Pereira', 'Leandro Paredes', 'Marco Verratti', 'Neymar', 'Ángel Di María', 'Moise Kean']","['Abdou Diallo', 'Alessandro Florenzi', 'Danilo Pereira', 'Keylor Navas', 'Leandro Paredes', 'Marco Verratti', 'Mitchel Bakker', 'Moise Kean', 'Neymar', 'Presnel Kimpembe', 'Ángel Di María']",/spielbericht/aufstellung/spielbericht/3394699
15,Mi. 16.12.20,21:00,H,(4.),FC Lorient (17.),3-5-2 flat,x,2:0,Thomas Tuchel,"['Sergio Rico', 'Thilo Kehrer', 'Layvin Kurzawa', 'Danilo Pereira', 'Idrissa Gueye', 'Ander Herrera', 'Rafinha', 'Alessandro Florenzi', 'Mitchel Bakker', 'Kylian Mbappé', 'Moise Kean']","['Alessandro Florenzi', 'Ander Herrera', 'Danilo Pereira', 'Idrissa Gueye', 'Kylian Mbappé', 'Layvin Kurzawa', 'Mitchel Bakker', 'Moise Kean', 'Rafinha', 'Sergio Rico', 'Thilo Kehrer']",/spielbericht/aufstellung/spielbericht/3394709
16,So. 20.12.20,21:00,A,(2.),LOSC Lille (1.),3-4-2-1,x,0:0,Thomas Tuchel,"['Keylor Navas', 'Presnel Kimpembe', 'Thilo Kehrer', 'Marquinhos', 'Idrissa Gueye', 'Marco Verratti', 'Alessandro Florenzi', 'Layvin Kurzawa', 'Rafinha', 'Ángel Di María', 'Moise Kean']","['Alessandro Florenzi', 'Idrissa Gueye', 'Keylor Navas', 'Layvin Kurzawa', 'Marco Verratti', 'Marquinhos', 'Moise Kean', 'Presnel Kimpembe', 'Rafinha', 'Thilo Kehrer', 'Ángel Di María']",/spielbericht/aufstellung/spielbericht/3394715
17,Mi. 23.12.20,21:00,H,(3.),R. Strasbourg (16.),3-5-2,x,4:0,Thomas Tuchel,"['Keylor Navas', 'Thilo Kehrer', 'Marquinhos', 'Mitchel Bakker', 'Marco Verratti', 'Rafinha', 'Timothée Pembélé', 'Colin Dagba', 'Ander Herrera', 'Ángel Di María', 'Kylian Mbappé']","['Ander Herrera', 'Colin Dagba', 'Keylor Navas', 'Kylian Mbappé', 'Marco Verratti', 'Marquinhos', 'Mitchel Bakker', 'Rafinha', 'Thilo Kehrer', 'Timothée Pembélé', 'Ángel Di María']",/spielbericht/aufstellung/spielbericht/3394730
18,Mi. 06.01.21,21:00,A,(3.),Saint-Étienne (14.),4-3-3 Attacking,x,1:1,Mauricio Pochettino,"['Keylor Navas', 'Thilo Kehrer', 'Marquinhos', 'Mitchel Bakker', 'Colin Dagba', 'Marco Verratti', 'Idrissa Gueye', 'Ander Herrera', 'Kylian Mbappé', 'Ángel Di María', 'Moise Kean']","['Ander Herrera', 'Colin Dagba', 'Idrissa Gueye', 'Keylor Navas', 'Kylian Mbappé', 'Marco Verratti', 'Marquinhos', 'Mitchel Bakker', 'Moise Kean', 'Thilo Kehrer', 'Ángel Di María']",/spielbericht/aufstellung/spielbericht/3394734
19,Sa. 09.01.21,21:00,H,(2.),Stade Brestois (10.),4-3-3 Attacking,x,3:0,Mauricio Pochettino,"['Keylor Navas', 'Marquinhos', 'Abdou Diallo', 'Mitchel Bakker', 'Colin Dagba', 'Idrissa Gueye', 'Marco Verratti', 'Ander Herrera', 'Kylian Mbappé', 'Ángel Di María', 'Moise Kean']","['Abdou Diallo', 'Ander Herrera', 'Colin Dagba', 'Idrissa Gueye', 'Keylor Navas', 'Kylian Mbappé', 'Marco Verratti', 'Marquinhos', 'Mitchel Bakker', 'Moise Kean', 'Ángel Di María']",/spielbericht/aufstellung/spielbericht/3394747
Final,Mi. 13.01.21,21:00,H,,Marseille,4-2-3-1,x,2:1,Mauricio Pochettino,"['Keylor Navas', 'Marquinhos', 'Abdou Diallo', 'Layvin Kurzawa', 'Alessandro Florenzi', 'Leandro Paredes', 'Ander Herrera', 'Marco Verratti', 'Kylian Mbappé', 'Ángel Di María', 'Mauro Icardi']","['Abdou Diallo', 'Alessandro Florenzi', 'Ander Herrera', 'Keylor Navas', 'Kylian Mbappé', 'Layvin Kurzawa', 'Leandro Paredes', 'Marco Verratti', 'Marquinhos', 'Mauro Icardi', 'Ángel Di María']",/spielbericht/aufstellung/spielbericht/3504750
20,Sa. 16.01.21,21:00,A,(2.),SCO Angers (8.),4-2-3-1,x,0:1,Mauricio Pochettino,"['Keylor Navas', 'Marquinhos', 'Abdou Diallo', 'Layvin Kurzawa', 'Alessandro Florenzi', 'Leandro Paredes', 'Marco Verratti', 'Kylian Mbappé', 'Ángel Di María', 'Neymar', 'Moise Kean']","['Abdou Diallo', 'Alessandro Florenzi', 'Keylor Navas', 'Kylian Mbappé', 'Layvin Kurzawa', 'Leandro Paredes', 'Marco Verratti', 'Marquinhos', 'Moise Kean', 'Neymar', 'Ángel Di María']",/spielbericht/aufstellung/spielbericht/3394762
21,Fr. 22.01.21,21:00,H,(1.),Montpellier (11.),4-2-3-1,x,4:0,Mauricio Pochettino,"['Keylor Navas', 'Marquinhos', 'Abdou Diallo', 'Layvin Kurzawa', 'Alessandro Florenzi', 'Leandro Paredes', 'Marco Verratti', 'Neymar', 'Ángel Di María', 'Kylian Mbappé', 'Mauro Icardi']","['Abdou Diallo', 'Alessandro Florenzi', 'Keylor Navas', 'Kylian Mbappé', 'Layvin Kurzawa', 'Leandro Paredes', 'Marco Verratti', 'Marquinhos', 'Mauro Icardi', 'Neymar', 'Ángel Di María']",/spielbericht/aufstellung/spielbericht/3394768
22,So. 31.01.21,15:00,A,(1.),FC Lorient (20.),4-4-2 double 6,x,3:2,Mauricio Pochettino,"['Sergio Rico', 'Presnel Kimpembe', 'Thilo Kehrer', 'Layvin Kurzawa', 'Alessandro Florenzi', 'Leandro Paredes', 'Danilo Pereira', 'Neymar', 'Ángel Di María', 'Kylian Mbappé', 'Mauro Icardi']","['Alessandro Florenzi', 'Danilo Pereira', 'Kylian Mbappé', 'Layvin Kurzawa', 'Leandro Paredes', 'Mauro Icardi', 'Neymar', 'Presnel Kimpembe', 'Sergio Rico', 'Thilo Kehrer', 'Ángel Di María']",/spielbericht/aufstellung/spielbericht/3394774
23,Mi. 03.02.21,21:00,H,(3.),Nîmes Olympique (19.),4-4-2 double 6,x,3:0,Mauricio Pochettino,"['Sergio Rico', 'Presnel Kimpembe', 'Thilo Kehrer', 'Mitchel Bakker', 'Colin Dagba', 'Leandro Paredes', 'Idrissa Gueye', 'Pablo Sarabia', 'Ángel Di María', 'Kylian Mbappé', 'Moise Kean']","['Colin Dagba', 'Idrissa Gueye', 'Kylian Mbappé', 'Leandro Paredes', 'Mitchel Bakker', 'Moise Kean', 'Pablo Sarabia', 'Presnel Kimpembe', 'Sergio Rico', 'Thilo Kehrer', 'Ángel Di María']",/spielbericht/aufstellung/spielbericht/3394785
24,So. 07.02.21,21:00,A,(3.),Marseille (5.),4-3-3 Attacking,x,0:2,Mauricio Pochettino,"['Sergio Rico', 'Presnel Kimpembe', 'Marquinhos', 'Layvin Kurzawa', 'Alessandro Florenzi', 'Leandro Paredes', 'Idrissa Gueye', 'Marco Verratti', 'Kylian Mbappé', 'Ángel Di María', 'Mauro Icardi']","['Alessandro Florenzi', 'Idrissa Gueye', 'Kylian Mbappé', 'Layvin Kurzawa', 'Leandro Paredes', 'Marco Verratti', 'Marquinhos', 'Mauro Icardi', 'Presnel Kimpembe', 'Sergio Rico', 'Ángel Di María']",/spielbericht/aufstellung/spielbericht/3394796
Third Round,Mi. 10.02.21,21:05,A,,SM Caen,4-2-3-1,x,0:1,Mauricio Pochettino,"['Sergio Rico', 'Thilo Kehrer', 'Abdou Diallo', 'Mitchel Bakker', 'Alessandro Florenzi', 'Danilo Pereira', 'Leandro Paredes', 'Julian Draxler', 'Pablo Sarabia', 'Neymar', 'Moise Kean']","['Abdou Diallo', 'Alessandro Florenzi', 'Danilo Pereira', 'Julian Draxler', 'Leandro Paredes', 'Mitchel Bakker', 'Moise Kean', 'Neymar', 'Pablo Sarabia', 'Sergio Rico', 'Thilo Kehrer']",/spielbericht/aufstellung/spielbericht/3525916
25,Sa. 13.02.21,17:00,H,(3.),OGC Nice (13.),4-2-3-1,x,2:1,Mauricio Pochettino,"['Keylor Navas', 'Presnel Kimpembe', 'Marquinhos', 'Layvin Kurzawa', 'Thilo Kehrer', 'Leandro Paredes', 'Idrissa Gueye', 'Julian Draxler', 'Kylian Mbappé', 'Moise Kean', 'Mauro Icardi']","['Idrissa Gueye', 'Julian Draxler', 'Keylor Navas', 'Kylian Mbappé', 'Layvin Kurzawa', 'Leandro Paredes', 'Marquinhos', 'Mauro Icardi', 'Moise Kean', 'Presnel Kimpembe', 'Thilo Kehrer']",/spielbericht/aufstellung/spielbericht/3394806
last 16,Di. 16.02.21,21:00,A,,Barcelona,4-3-3 Attacking,x,1:4,Mauricio Pochettino,"['Keylor Navas', 'Presnel Kimpembe', 'Marquinhos', 'Layvin Kurzawa', 'Alessandro Florenzi', 'Leandro Paredes', 'Idrissa Gueye', 'Marco Verratti', 'Kylian Mbappé', 'Moise Kean', 'Mauro Icardi']","['Alessandro Florenzi', 'Idrissa Gueye', 'Keylor Navas', 'Kylian Mbappé', 'Layvin Kurzawa', 'Leandro Paredes', 'Marco Verratti', 'Marquinhos', 'Mauro Icardi', 'Moise Kean', 'Presnel Kimpembe']",/spielbericht/aufstellung/spielbericht/3496453
26,So. 21.02.21,21:00,H,(2.),Monaco (4.),4-3-3 Attacking,x,0:2,Mauricio Pochettino,"['Keylor Navas', 'Presnel Kimpembe', 'Marquinhos', 'Layvin Kurzawa', 'Alessandro Florenzi', 'Leandro Paredes', 'Idrissa Gueye', 'Ander Herrera', 'Kylian Mbappé', 'Moise Kean', 'Mauro Icardi']","['Alessandro Florenzi', 'Ander Herrera', 'Idrissa Gueye', 'Keylor Navas', 'Kylian Mbappé', 'Layvin Kurzawa', 'Leandro Paredes', 'Marquinhos', 'Mauro Icardi', 'Moise Kean', 'Presnel Kimpembe']",/spielbericht/aufstellung/spielbericht/3394814
27,Sa. 27.02.21,17:00,A,(3.),Dijon (20.),4-2-3-1,x,0:4,Mauricio Pochettino,"['Keylor Navas', 'Presnel Kimpembe', 'Marquinhos', 'Abdou Diallo', 'Thilo Kehrer', 'Danilo Pereira', 'Ander Herrera', 'Rafinha', 'Kylian Mbappé', 'Julian Draxler', 'Moise Kean']","['Abdou Diallo', 'Ander Herrera', 'Danilo Pereira', 'Julian Draxler', 'Keylor Navas', 'Kylian Mbappé', 'Marquinhos', 'Moise Kean', 'Presnel Kimpembe', 'Rafinha', 'Thilo Kehrer']",/spielbericht/aufstellung/spielbericht/3394832
28,Mi. 03.03.21,21:00,A,(2.),G. Bordeaux (11.),4-2-3-1,x,0:1,Mauricio Pochettino,"['Keylor Navas', 'Presnel Kimpembe', 'Marquinhos', 'Layvin Kurzawa', 'Colin Dagba', 'Danilo Pereira', 'Idrissa Gueye', 'Rafinha', 'Julian Draxler', 'Pablo Sarabia', 'Mauro Icardi']","['Colin Dagba', 'Danilo Pereira', 'Idrissa Gueye', 'Julian Draxler', 'Keylor Navas', 'Layvin Kurzawa', 'Marquinhos', 'Mauro Icardi', 'Pablo Sarabia', 'Presnel Kimpembe', 'Rafinha']",/spielbericht/aufstellung/spielbericht/3394860
Fourth Round,Sa. 06.03.21,21:10,A,,Stade Brestois,4-3-3 Attacking,x,0:3,Mauricio Pochettino,"['Sergio Rico', 'Abdou Diallo', 'Danilo Pereira', 'Mitchel Bakker', 'Thilo Kehrer', 'Marco Verratti', 'Leandro Paredes', 'Ander Herrera', 'Julian Draxler', 'Pablo Sarabia', 'Kylian Mbappé']","['Abdou Diallo', 'Ander Herrera', 'Danilo Pereira', 'Julian Draxler', 'Kylian Mbappé', 'Leandro Paredes', 'Marco Verratti', 'Mitchel Bakker', 'Pablo Sarabia', 'Sergio Rico', 'Thilo Kehrer']",/spielbericht/aufstellung/spielbericht/3525114
last 16,Mi. 10.03.21,21:00,H,,Barcelona,4-3-3 Attacking,x,1:1,Mauricio Pochettino,"['Keylor Navas', 'Presnel Kimpembe', 'Marquinhos', 'Layvin Kurzawa', 'Alessandro Florenzi', 'Leandro Paredes', 'Idrissa Gueye', 'Marco Verratti', 'Kylian Mbappé', 'Julian Draxler', 'Mauro Icardi']","['Alessandro Florenzi', 'Idrissa Gueye', 'Julian Draxler', 'Keylor Navas', 'Kylian Mbappé', 'Layvin Kurzawa', 'Leandro Paredes', 'Marco Verratti', 'Marquinhos', 'Mauro Icardi', 'Presnel Kimpembe']",/spielbericht/aufstellung/spielbericht/3496461
29,So. 14.03.21,21:00,H,(2.),FC Nantes (19.),4-2-3-1,x,1:2,Mauricio Pochettino,"['Keylor Navas', 'Presnel Kimpembe', 'Marquinhos', 'Abdou Diallo', 'Colin Dagba', 'Danilo Pereira', 'Marco Verratti', 'Rafinha', 'Julian Draxler', 'Ángel Di María', 'Kylian Mbappé']","['Abdou Diallo', 'Colin Dagba', 'Danilo Pereira', 'Julian Draxler', 'Keylor Navas', 'Kylian Mbappé', 'Marco Verratti', 'Marquinhos', 'Presnel Kimpembe', 'Rafinha', 'Ángel Di María']",/spielbericht/aufstellung/spielbericht/3394889
Round of 16,Mi. 17.03.21,17:45,H,,LOSC Lille,4-2-3-1,x,3:0,Mauricio Pochettino,"['Keylor Navas', 'Marquinhos', 'Abdou Diallo', 'Layvin Kurzawa', 'Colin Dagba', 'Idrissa Gueye', 'Leandro Paredes', 'Rafinha', 'Moise Kean', 'Ángel Di María', 'Mauro Icardi']","['Abdou Diallo', 'Colin Dagba', 'Idrissa Gueye', 'Keylor Navas', 'Layvin Kurzawa', 'Leandro Paredes', 'Marquinhos', 'Mauro Icardi', 'Moise Kean', 'Rafinha', 'Ángel Di María']",/spielbericht/aufstellung/spielbericht/3532735
30,So. 21.03.21,21:00,A,(2.),Olympique Lyon (3.),4-2-3-1,x,2:4,Mauricio Pochettino,"['Keylor Navas', 'Presnel Kimpembe', 'Marquinhos', 'Abdou Diallo', 'Alessandro Florenzi', 'Danilo Pereira', 'Idrissa Gueye', 'Marco Verratti', 'Kylian Mbappé', 'Ángel Di María', 'Moise Kean']","['Abdou Diallo', 'Alessandro Florenzi', 'Danilo Pereira', 'Idrissa Gueye', 'Keylor Navas', 'Kylian Mbappé', 'Marco Verratti', 'Marquinhos', 'Moise Kean', 'Presnel Kimpembe', 'Ángel Di María']",/spielbericht/aufstellung/spielbericht/3394911
31,Sa. 03.04.21,17:00,H,(1.),LOSC Lille (2.),4-2-3-1,x,0:1,Mauricio Pochettino,"['Keylor Navas', 'Presnel Kimpembe', 'Marquinhos', 'Abdou Diallo', 'Thilo Kehrer', 'Leandro Paredes', 'Idrissa Gueye', 'Kylian Mbappé', 'Ángel Di María', 'Neymar', 'Moise Kean']","['Abdou Diallo', 'Idrissa Gueye', 'Keylor Navas', 'Kylian Mbappé', 'Leandro Paredes', 'Marquinhos', 'Moise Kean', 'Neymar', 'Presnel Kimpembe', 'Thilo Kehrer', 'Ángel Di María']",/spielbericht/aufstellung/spielbericht/3394917
Quarter-Finals,Mi. 07.04.21,21:00,A,,FC Bayern,4-2-3-1,x,2:3,Mauricio Pochettino,"['Keylor Navas', 'Presnel Kimpembe', 'Marquinhos', 'Abdou Diallo', 'Colin Dagba', 'Danilo Pereira', 'Idrissa Gueye', 'Julian Draxler', 'Ángel Di María', 'Neymar', 'Kylian Mbappé']","['Abdou Diallo', 'Colin Dagba', 'Danilo Pereira', 'Idrissa Gueye', 'Julian Draxler', 'Keylor Navas', 'Kylian Mbappé', 'Marquinhos', 'Neymar', 'Presnel Kimpembe', 'Ángel Di María']",/spielbericht/aufstellung/spielbericht/3537801
32,Sa. 10.04.21,17:00,A,(2.),R. Strasbourg (13.),4-2-3-1,x,1:4,Mauricio Pochettino,"['Keylor Navas', 'Presnel Kimpembe', 'Danilo Pereira', 'Mitchel Bakker', 'Thilo Kehrer', 'Leandro Paredes', 'Ander Herrera', 'Rafinha', 'Kylian Mbappé', 'Pablo Sarabia', 'Moise Kean']","['Ander Herrera', 'Danilo Pereira', 'Keylor Navas', 'Kylian Mbappé', 'Leandro Paredes', 'Mitchel Bakker', 'Moise Kean', 'Pablo Sarabia', 'Presnel Kimpembe', 'Rafinha', 'Thilo Kehrer']",/spielbericht/aufstellung/spielbericht/3394924
Quarter-Finals,Di. 13.04.21,21:00,H,,FC Bayern,4-2-3-1,x,0:1,Mauricio Pochettino,"['Keylor Navas', 'Presnel Kimpembe', 'Danilo Pereira', 'Abdou Diallo', 'Colin Dagba', 'Leandro Paredes', 'Idrissa Gueye', 'Julian Draxler', 'Ángel Di María', 'Neymar', 'Kylian Mbappé']","['Abdou Diallo', 'Colin Dagba', 'Danilo Pereira', 'Idrissa Gueye', 'Julian Draxler', 'Keylor Navas', 'Kylian Mbappé', 'Leandro Paredes', 'Neymar', 'Presnel Kimpembe', 'Ángel Di María']",/spielbericht/aufstellung/spielbericht/3537805
33,So. 18.04.21,13:00,H,(2.),Saint-Étienne (13.),4-2-3-1,x,3:2,Mauricio Pochettino,"['Sergio Rico', 'Presnel Kimpembe', 'Thilo Kehrer', 'Mitchel Bakker', 'Alessandro Florenzi', 'Danilo Pereira', 'Ander Herrera', 'Rafinha', 'Moise Kean', 'Pablo Sarabia', 'Kylian Mbappé']","['Alessandro Florenzi', 'Ander Herrera', 'Danilo Pereira', 'Kylian Mbappé', 'Mitchel Bakker', 'Moise Kean', 'Pablo Sarabia', 'Presnel Kimpembe', 'Rafinha', 'Sergio Rico', 'Thilo Kehrer']",/spielbericht/aufstellung/spielbericht/3394934
Quarter-Finals,Mi. 21.04.21,18:45,H,,SCO Angers,4-2-3-1,x,5:0,Mauricio Pochettino,"['Sergio Rico', 'Thilo Kehrer', 'Danilo Pereira', 'Mitchel Bakker', 'Colin Dagba', 'Leandro Paredes', 'Idrissa Gueye', 'Julian Draxler', 'Ángel Di María', 'Neymar', 'Mauro Icardi']","['Colin Dagba', 'Danilo Pereira', 'Idrissa Gueye', 'Julian Draxler', 'Leandro Paredes', 'Mauro Icardi', 'Mitchel Bakker', 'Neymar', 'Sergio Rico', 'Thilo Kehrer', 'Ángel Di María']",/spielbericht/aufstellung/spielbericht/3549066
34,Sa. 24.04.21,17:00,A,(2.),FC Metz (9.),4-3-3 Attacking,x,1:3,Mauricio Pochettino,"['Keylor Navas', 'Presnel Kimpembe', 'Thilo Kehrer', 'Layvin Kurzawa', 'Alessandro Florenzi', 'Leandro Paredes', 'Marco Verratti', 'Ander Herrera', 'Neymar', 'Pablo Sarabia', 'Kylian Mbappé']","['Alessandro Florenzi', 'Ander Herrera', 'Keylor Navas', 'Kylian Mbappé', 'Layvin Kurzawa', 'Leandro Paredes', 'Marco Verratti', 'Neymar', 'Pablo Sarabia', 'Presnel Kimpembe', 'Thilo Kehrer']",/spielbericht/aufstellung/spielbericht/3394947
Semi-Finals,Mi. 28.04.21,21:00,H,,Man City,4-2-3-1,x,1:2,Mauricio Pochettino,"['Keylor Navas', 'Presnel Kimpembe', 'Marquinhos', 'Mitchel Bakker', 'Alessandro Florenzi', 'Leandro Paredes', 'Idrissa Gueye', 'Marco Verratti', 'Neymar', 'Ángel Di María', 'Kylian Mbappé']","['Alessandro Florenzi', 'Idrissa Gueye', 'Keylor Navas', 'Kylian Mbappé', 'Leandro Paredes', 'Marco Verratti', 'Marquinhos', 'Mitchel Bakker', 'Neymar', 'Presnel Kimpembe', 'Ángel Di María']",/spielbericht/aufstellung/spielbericht/3552988
35,Sa. 01.05.21,17:00,H,(2.),Lens (5.),4-2-3-1,x,2:1,Mauricio Pochettino,"['Keylor Navas', 'Presnel Kimpembe', 'Marquinhos', 'Abdou Diallo', 'Colin Dagba', 'Danilo Pereira', 'Idrissa Gueye', 'Julian Draxler', 'Pablo Sarabia', 'Neymar', 'Mauro Icardi']","['Abdou Diallo', 'Colin Dagba', 'Danilo Pereira', 'Idrissa Gueye', 'Julian Draxler', 'Keylor Navas', 'Marquinhos', 'Mauro Icardi', 'Neymar', 'Pablo Sarabia', 'Presnel Kimpembe']",/spielbericht/aufstellung/spielbericht/3394966
Semi-Finals,Di. 04.05.21,21:00,A,,Man City,4-3-3 Attacking,x,2:0,Mauricio Pochettino,"['Keylor Navas', 'Presnel Kimpembe', 'Marquinhos', 'Abdou Diallo', 'Alessandro Florenzi', 'Leandro Paredes', 'Marco Verratti', 'Ander Herrera', 'Neymar', 'Ángel Di María', 'Mauro Icardi']","['Abdou Diallo', 'Alessandro Florenzi', 'Ander Herrera', 'Keylor Navas', 'Leandro Paredes', 'Marco Verratti', 'Marquinhos', 'Mauro Icardi', 'Neymar', 'Presnel Kimpembe', 'Ángel Di María']",/spielbericht/aufstellung/spielbericht/3552989
36,So. 09.05.21,21:00,A,(2.),Stade Rennais (7.),4-3-3 Attacking,x,1:1,Mauricio Pochettino,"['Keylor Navas', 'Presnel Kimpembe', 'Marquinhos', 'Layvin Kurzawa', 'Colin Dagba', 'Danilo Pereira', 'Ander Herrera', 'Julian Draxler', 'Neymar', 'Ángel Di María', 'Moise Kean']","['Ander Herrera', 'Colin Dagba', 'Danilo Pereira', 'Julian Draxler', 'Keylor Navas', 'Layvin Kurzawa', 'Marquinhos', 'Moise Kean', 'Neymar', 'Presnel Kimpembe', 'Ángel Di María']",/spielbericht/aufstellung/spielbericht/3565111
Semi-Finals,Mi. 12.05.21,21:00,A,,Montpellier,4-3-3 Attacking,x,7:8 on pens,Mauricio Pochettino,"['Keylor Navas', 'Marquinhos', 'Abdou Diallo', 'Mitchel Bakker', 'Alessandro Florenzi', 'Leandro Paredes', 'Idrissa Gueye', 'Rafinha', 'Kylian Mbappé', 'Pablo Sarabia', 'Mauro Icardi']","['Abdou Diallo', 'Alessandro Florenzi', 'Idrissa Gueye', 'Keylor Navas', 'Kylian Mbappé', 'Leandro Paredes', 'Marquinhos', 'Mauro Icardi', 'Mitchel Bakker', 'Pablo Sarabia', 'Rafinha']",/spielbericht/aufstellung/spielbericht/3557418
37,So. 16.05.21,21:00,H,(2.),Stade Reims (13.),4-2-3-1,x,4:0,Mauricio Pochettino,"['Keylor Navas', 'Thilo Kehrer', 'Marquinhos', 'Mitchel Bakker', 'Colin Dagba', 'Danilo Pereira', 'Ander Herrera', 'Julian Draxler', 'Ángel Di María', 'Neymar', 'Kylian Mbappé']","['Ander Herrera', 'Colin Dagba', 'Danilo Pereira', 'Julian Draxler', 'Keylor Navas', 'Kylian Mbappé', 'Marquinhos', 'Mitchel Bakker', 'Neymar', 'Thilo Kehrer', 'Ángel Di María']",/spielbericht/aufstellung/spielbericht/3394993
Final,Mi. 19.05.21,21:15,H,,Monaco,4-3-3 Attacking,x,2:0,Mauricio Pochettino,"['Keylor Navas', 'Thilo Kehrer', 'Marquinhos', 'Abdou Diallo', 'Alessandro Florenzi', 'Danilo Pereira', 'Leandro Paredes', 'Idrissa Gueye', 'Kylian Mbappé', 'Ángel Di María', 'Mauro Icardi']","['Abdou Diallo', 'Alessandro Florenzi', 'Danilo Pereira', 'Idrissa Gueye', 'Keylor Navas', 'Kylian Mbappé', 'Leandro Paredes', 'Marquinhos', 'Mauro Icardi', 'Thilo Kehrer', 'Ángel Di María']",/spielbericht/aufstellung/spielbericht/3567444
38,So. 23.05.21,21:00,A,(2.),Stade Brestois (16.),4-3-3 Attacking,x,0:2,Mauricio Pochettino,"['Keylor Navas', 'Presnel Kimpembe', 'Marquinhos', 'Abdou Diallo', 'Colin Dagba', 'Danilo Pereira', 'Ander Herrera', 'Rafinha', 'Neymar', 'Ángel Di María', 'Kylian Mbappé']","['Abdou Diallo', 'Ander Herrera', 'Colin Dagba', 'Danilo Pereira', 'Keylor Navas', 'Kylian Mbappé', 'Marquinhos', 'Neymar', 'Presnel Kimpembe', 'Rafinha', 'Ángel Di María']",/spielbericht/aufstellung/spielbericht/3394995
Final,So. 01.08.21,20:00,A,,LOSC Lille,4-3-3 Attacking,29.000,1:0,Mauricio Pochettino,"['Keylor Navas', 'Presnel Kimpembe', 'Thilo Kehrer', 'Abdou Diallo', 'Achraf Hakimi', 'Danilo Pereira', 'Ander Herrera', 'Junior Dina Ebimbe', 'Arnaud Kalimuendo', 'Julian Draxler', 'Mauro Icardi']","['Abdou Diallo', 'Achraf Hakimi', 'Ander Herrera', 'Arnaud Kalimuendo', 'Danilo Pereira', 'Julian Draxler', 'Junior Dina Ebimbe', 'Keylor Navas', 'Mauro Icardi', 'Presnel Kimpembe', 'Thilo Kehrer']",/spielbericht/aufstellung/spielbericht/3573730
1,Sa. 07.08.21,21:00,A,(1.),Troyes (16.),4-4-2 double 6,16.000,1:2,Mauricio Pochettino,"['Keylor Navas', 'Presnel Kimpembe', 'Thilo Kehrer', 'Abdou Diallo', 'Achraf Hakimi', 'Danilo Pereira', 'Ander Herrera', 'Georginio Wijnaldum', 'Julian Draxler', 'Kylian Mbappé', 'Mauro Icardi']","['Abdou Diallo', 'Achraf Hakimi', 'Ander Herrera', 'Danilo Pereira', 'Georginio Wijnaldum', 'Julian Draxler', 'Keylor Navas', 'Kylian Mbappé', 'Mauro Icardi', 'Presnel Kimpembe', 'Thilo Kehrer']",/spielbericht/aufstellung/spielbericht/3588773
2,Sa. 14.08.21,21:00,H,(4.),R. Strasbourg (20.),4-3-3 Attacking,46.962,4:2,Mauricio Pochettino,"['Keylor Navas', 'Presnel Kimpembe', 'Thilo Kehrer', 'Abdou Diallo', 'Achraf Hakimi', 'Ander Herrera', 'Georginio Wijnaldum', 'Junior Dina Ebimbe', 'Kylian Mbappé', 'Julian Draxler', 'Mauro Icardi']","['Abdou Diallo', 'Achraf Hakimi', 'Ander Herrera', 'Georginio Wijnaldum', 'Julian Draxler', 'Junior Dina Ebimbe', 'Keylor Navas', 'Kylian Mbappé', 'Mauro Icardi', 'Presnel Kimpembe', 'Thilo Kehrer']",/spielbericht/aufstellung/spielbericht/3588789
3,Fr. 20.08.21,21:00,A,(3.),Stade Brestois (12.),4-3-1-2,14.586,2:4,Mauricio Pochettino,"['Keylor Navas', 'Presnel Kimpembe', 'Thilo Kehrer', 'Abdou Diallo', 'Achraf Hakimi', 'Idrissa Gueye', 'Marco Verratti', 'Ander Herrera', 'Georginio Wijnaldum', 'Kylian Mbappé', 'Mauro Icardi']","['Abdou Diallo', 'Achraf Hakimi', 'Ander Herrera', 'Georginio Wijnaldum', 'Idrissa Gueye', 'Keylor Navas', 'Kylian Mbappé', 'Marco Verratti', 'Mauro Icardi', 'Presnel Kimpembe', 'Thilo Kehrer']",/spielbericht/aufstellung/spielbericht/3588815
4,So. 29.08.21,20:45,A,(1.),Stade Reims (12.),4-3-3 Attacking,20.525,0:2,Mauricio Pochettino,"['Keylor Navas', 'Marquinhos', 'Thilo Kehrer', 'Abdou Diallo', 'Achraf Hakimi', 'Idrissa Gueye', 'Marco Verratti', 'Georginio Wijnaldum', 'Neymar', 'Ángel Di María', 'Kylian Mbappé']","['Abdou Diallo', 'Achraf Hakimi', 'Georginio Wijnaldum', 'Idrissa Gueye', 'Keylor Navas', 'Kylian Mbappé', 'Marco Verratti', 'Marquinhos', 'Neymar', 'Thilo Kehrer', 'Ángel Di María']",/spielbericht/aufstellung/spielbericht/3588837
5,Sa. 11.09.21,17:00,H,(1.),Clermont Foot (3.),4-3-3 Attacking,47.329,4:0,Mauricio Pochettino,"['Gianluigi Donnarumma', 'Presnel Kimpembe', 'Marquinhos', 'Abdou Diallo', 'Achraf Hakimi', 'Idrissa Gueye', 'Danilo Pereira', 'Ander Herrera', 'Julian Draxler', 'Rafinha', 'Kylian Mbappé']","['Abdou Diallo', 'Achraf Hakimi', 'Ander Herrera', 'Danilo Pereira', 'Gianluigi Donnarumma', 'Idrissa Gueye', 'Julian Draxler', 'Kylian Mbappé', 'Marquinhos', 'Presnel Kimpembe', 'Rafinha']",/spielbericht/aufstellung/spielbericht/3588848
Group Stage,Mi. 15.09.21,21:00,A,,Club Brugge,4-3-3 Attacking,27.546,1:1,Mauricio Pochettino,"['Keylor Navas', 'Presnel Kimpembe', 'Marquinhos', 'Abdou Diallo', 'Achraf Hakimi', 'Leandro Paredes', 'Georginio Wijnaldum', 'Ander Herrera', 'Neymar', 'Lionel Messi', 'Kylian Mbappé']","['Abdou Diallo', 'Achraf Hakimi', 'Ander Herrera', 'Georginio Wijnaldum', 'Keylor Navas', 'Kylian Mbappé', 'Leandro Paredes', 'Lionel Messi', 'Marquinhos', 'Neymar', 'Presnel Kimpembe']",/spielbericht/aufstellung/spielbericht/3651038
6,So. 19.09.21,20:45,H,(1.),Olympique Lyon (9.),4-2-3-1,47.611,2:1,Mauricio Pochettino,"['Gianluigi Donnarumma', 'Presnel Kimpembe', 'Marquinhos', 'Nuno Mendes', 'Thilo Kehrer', 'Idrissa Gueye', 'Ander Herrera', 'Neymar', 'Ángel Di María', 'Lionel Messi', 'Kylian Mbappé']","['Ander Herrera', 'Gianluigi Donnarumma', 'Idrissa Gueye', 'Kylian Mbappé', 'Lionel Messi', 'Marquinhos', 'Neymar', 'Nuno Mendes', 'Presnel Kimpembe', 'Thilo Kehrer', 'Ángel Di María']",/spielbericht/aufstellung/spielbericht/3588917
7,Mi. 22.09.21,21:00,A,(1.),FC Metz (20.),4-3-1-2,26.661,1:2,Mauricio Pochettino,"['Keylor Navas', 'Presnel Kimpembe', 'Marquinhos', 'Nuno Mendes', 'Achraf Hakimi', 'Danilo Pereira', 'Georginio Wijnaldum', 'Rafinha', 'Neymar', 'Kylian Mbappé', 'Mauro Icardi']","['Achraf Hakimi', 'Danilo Pereira', 'Georginio Wijnaldum', 'Keylor Navas', 'Kylian Mbappé', 'Marquinhos', 'Mauro Icardi', 'Neymar', 'Nuno Mendes', 'Presnel Kimpembe', 'Rafinha']",/spielbericht/aufstellung/spielbericht/3588933
8,Sa. 25.09.21,21:00,H,(1.),Montpellier (10.),4-3-3 Attacking,47.408,2:0,Mauricio Pochettino,"['Keylor Navas', 'Presnel Kimpembe', 'Marquinhos', 'Abdou Diallo', 'Achraf Hakimi', 'Leandro Paredes', 'Idrissa Gueye', 'Ander Herrera', 'Neymar', 'Ángel Di María', 'Kylian Mbappé']","['Abdou Diallo', 'Achraf Hakimi', 'Ander Herrera', 'Idrissa Gueye', 'Keylor Navas', 'Kylian Mbappé', 'Leandro Paredes', 'Marquinhos', 'Neymar', 'Presnel Kimpembe', 'Ángel Di María']",/spielbericht/aufstellung/spielbericht/3589102
Group Stage,Di. 28.09.21,21:00,H,,Man City,4-3-3 Attacking,37.350,2:0,Mauricio Pochettino,"['Gianluigi Donnarumma', 'Presnel Kimpembe', 'Marquinhos', 'Nuno Mendes', 'Achraf Hakimi', 'Marco Verratti', 'Idrissa Gueye', 'Ander Herrera', 'Neymar', 'Lionel Messi', 'Kylian Mbappé']","['Achraf Hakimi', 'Ander Herrera', 'Gianluigi Donnarumma', 'Idrissa Gueye', 'Kylian Mbappé', 'Lionel Messi', 'Marco Verratti', 'Marquinhos', 'Neymar', 'Nuno Mendes', 'Presnel Kimpembe']",/spielbericht/aufstellung/spielbericht/3651061
9,So. 03.10.21,13:00,A,(1.),Stade Rennais (13.),4-2-3-1,28.092,2:0,Mauricio Pochettino,"['Gianluigi Donnarumma', 'Presnel Kimpembe', 'Marquinhos', 'Nuno Mendes', 'Achraf Hakimi', 'Idrissa Gueye', 'Marco Verratti', 'Neymar', 'Ángel Di María', 'Lionel Messi', 'Kylian Mbappé']","['Achraf Hakimi', 'Gianluigi Donnarumma', 'Idrissa Gueye', 'Kylian Mbappé', 'Lionel Messi', 'Marco Verratti', 'Marquinhos', 'Neymar', 'Nuno Mendes', 'Presnel Kimpembe', 'Ángel Di María']",/spielbericht/aufstellung/spielbericht/3589115
10,Fr. 15.10.21,21:00,H,(1.),SCO Angers (4.),4-3-3 Attacking,47.646,2:1,Mauricio Pochettino,"['Gianluigi Donnarumma', 'Presnel Kimpembe', 'Thilo Kehrer', 'Abdou Diallo', 'Colin Dagba', 'Danilo Pereira', 'Marco Verratti', 'Ander Herrera', 'Kylian Mbappé', 'Rafinha', 'Mauro Icardi']","['Abdou Diallo', 'Ander Herrera', 'Colin Dagba', 'Danilo Pereira', 'Gianluigi Donnarumma', 'Kylian Mbappé', 'Marco Verratti', 'Mauro Icardi', 'Presnel Kimpembe', 'Rafinha', 'Thilo Kehrer']",/spielbericht/aufstellung/spielbericht/3589124
Group Stage,Di. 19.10.21,21:00,H,,RB Leipzig,4-3-3 Attacking,47.359,3:2,Mauricio Pochettino,"['Keylor Navas', 'Presnel Kimpembe', 'Marquinhos', 'Nuno Mendes', 'Achraf Hakimi', 'Marco Verratti', 'Idrissa Gueye', 'Ander Herrera', 'Julian Draxler', 'Lionel Messi', 'Kylian Mbappé']","['Achraf Hakimi', 'Ander Herrera', 'Idrissa Gueye', 'Julian Draxler', 'Keylor Navas', 'Kylian Mbappé', 'Lionel Messi', 'Marco Verratti', 'Marquinhos', 'Nuno Mendes', 'Presnel Kimpembe']",/spielbericht/aufstellung/spielbericht/3651078
11,So. 24.10.21,20:45,A,(1.),Marseille (2.),4-2-3-1,65.121,0:0,Mauricio Pochettino,"['Keylor Navas', 'Presnel Kimpembe', 'Marquinhos', 'Nuno Mendes', 'Achraf Hakimi', 'Danilo Pereira', 'Marco Verratti', 'Ángel Di María', 'Lionel Messi', 'Neymar', 'Kylian Mbappé']","['Achraf Hakimi', 'Danilo Pereira', 'Keylor Navas', 'Kylian Mbappé', 'Lionel Messi', 'Marco Verratti', 'Marquinhos', 'Neymar', 'Nuno Mendes', 'Presnel Kimpembe', 'Ángel Di María']",/spielbericht/aufstellung/spielbericht/3589130
12,Fr. 29.10.21,21:00,H,(1.),LOSC Lille (10.),4-3-3 Attacking,47.874,2:1,Mauricio Pochettino,"['Gianluigi Donnarumma', 'Presnel Kimpembe', 'Marquinhos', 'Juan Bernat', 'Thilo Kehrer', 'Danilo Pereira', 'Idrissa Gueye', 'Georginio Wijnaldum', 'Neymar', 'Ángel Di María', 'Lionel Messi']","['Danilo Pereira', 'Georginio Wijnaldum', 'Gianluigi Donnarumma', 'Idrissa Gueye', 'Juan Bernat', 'Lionel Messi', 'Marquinhos', 'Neymar', 'Presnel Kimpembe', 'Thilo Kehrer', 'Ángel Di María']",/spielbericht/aufstellung/spielbericht/3589144
Group Stage,Mi. 03.11.21,21:00,A,,RB Leipzig,4-3-3 Attacking,39.794,2:2,Mauricio Pochettino,"['Gianluigi Donnarumma', 'Presnel Kimpembe', 'Marquinhos', 'Nuno Mendes', 'Achraf Hakimi', 'Danilo Pereira', 'Idrissa Gueye', 'Georginio Wijnaldum', 'Neymar', 'Ángel Di María', 'Kylian Mbappé']","['Achraf Hakimi', 'Danilo Pereira', 'Georginio Wijnaldum', 'Gianluigi Donnarumma', 'Idrissa Gueye', 'Kylian Mbappé', 'Marquinhos', 'Neymar', 'Nuno Mendes', 'Presnel Kimpembe', 'Ángel Di María']",/spielbericht/aufstellung/spielbericht/3651102
13,Sa. 06.11.21,21:00,A,(1.),G. Bordeaux (16.),4-3-3 Attacking,41.172,2:3,Mauricio Pochettino,"['Keylor Navas', 'Marquinhos', 'Thilo Kehrer', 'Juan Bernat', 'Achraf Hakimi', 'Ander Herrera', 'Georginio Wijnaldum', 'Junior Dina Ebimbe', 'Neymar', 'Julian Draxler', 'Kylian Mbappé']","['Achraf Hakimi', 'Ander Herrera', 'Georginio Wijnaldum', 'Juan Bernat', 'Julian Draxler', 'Junior Dina Ebimbe', 'Keylor Navas', 'Kylian Mbappé', 'Marquinhos', 'Neymar', 'Thilo Kehrer']",/spielbericht/aufstellung/spielbericht/3589166
14,Sa. 20.11.21,17:00,H,(1.),FC Nantes (9.),4-3-3 Attacking,47.777,3:1,Mauricio Pochettino,"['Keylor Navas', 'Thilo Kehrer', 'Abdou Diallo', 'Juan Bernat', 'Achraf Hakimi', 'Leandro Paredes', 'Idrissa Gueye', 'Marco Verratti', 'Neymar', 'Lionel Messi', 'Kylian Mbappé']","['Abdou Diallo', 'Achraf Hakimi', 'Idrissa Gueye', 'Juan Bernat', 'Keylor Navas', 'Kylian Mbappé', 'Leandro Paredes', 'Lionel Messi', 'Marco Verratti', 'Neymar', 'Thilo Kehrer']",/spielbericht/aufstellung/spielbericht/3589206
Group Stage,Mi. 24.11.21,21:00,A,,Man City,4-3-3 Attacking,52.030,2:1,Mauricio Pochettino,"['Keylor Navas', 'Presnel Kimpembe', 'Marquinhos', 'Nuno Mendes', 'Achraf Hakimi', 'Leandro Paredes', 'Idrissa Gueye', 'Ander Herrera', 'Neymar', 'Lionel Messi', 'Kylian Mbappé']","['Achraf Hakimi', 'Ander Herrera', 'Idrissa Gueye', 'Keylor Navas', 'Kylian Mbappé', 'Leandro Paredes', 'Lionel Messi', 'Marquinhos', 'Neymar', 'Nuno Mendes', 'Presnel Kimpembe']",/spielbericht/aufstellung/spielbericht/3651117
15,So. 28.11.21,13:00,A,(1.),Saint-Étienne (19.),4-2-3-1,24.586,1:3,Mauricio Pochettino,"['Gianluigi Donnarumma', 'Sergio Ramos', 'Marquinhos', 'Juan Bernat', 'Achraf Hakimi', 'Danilo Pereira', 'Idrissa Gueye', 'Neymar', 'Ángel Di María', 'Lionel Messi', 'Kylian Mbappé']","['Achraf Hakimi', 'Danilo Pereira', 'Gianluigi Donnarumma', 'Idrissa Gueye', 'Juan Bernat', 'Kylian Mbappé', 'Lionel Messi', 'Marquinhos', 'Neymar', 'Sergio Ramos', 'Ángel Di María']",/spielbericht/aufstellung/spielbericht/3589231
16,Mi. 01.12.21,21:00,H,(1.),OGC Nice (3.),4-3-3 Attacking,47.502,0:0,Mauricio Pochettino,"['Gianluigi Donnarumma', 'Presnel Kimpembe', 'Marquinhos', 'Nuno Mendes', 'Achraf Hakimi', 'Danilo Pereira', 'Idrissa Gueye', 'Junior Dina Ebimbe', 'Kylian Mbappé', 'Ángel Di María', 'Lionel Messi']","['Achraf Hakimi', 'Danilo Pereira', 'Gianluigi Donnarumma', 'Idrissa Gueye', 'Junior Dina Ebimbe', 'Kylian Mbappé', 'Lionel Messi', 'Marquinhos', 'Nuno Mendes', 'Presnel Kimpembe', 'Ángel Di María']",/spielbericht/aufstellung/spielbericht/3589262
17,Sa. 04.12.21,21:00,A,(1.),Lens (5.),4-3-3 Attacking,36.685,1:1,Mauricio Pochettino,"['Keylor Navas', 'Presnel Kimpembe', 'Marquinhos', 'Juan Bernat', 'Achraf Hakimi', 'Danilo Pereira', 'Leandro Paredes', 'Marco Verratti', 'Ángel Di María', 'Lionel Messi', 'Mauro Icardi']","['Achraf Hakimi', 'Danilo Pereira', 'Juan Bernat', 'Keylor Navas', 'Leandro Paredes', 'Lionel Messi', 'Marco Verratti', 'Marquinhos', 'Mauro Icardi', 'Presnel Kimpembe', 'Ángel Di María']",/spielbericht/aufstellung/spielbericht/3589273
Group Stage,Di. 07.12.21,18:45,H,,Club Brugge,4-3-3 Attacking,,4:1,Mauricio Pochettino,"['Gianluigi Donnarumma', 'Marquinhos', 'Abdou Diallo', 'Nuno Mendes', 'Achraf Hakimi', 'Marco Verratti', 'Idrissa Gueye', 'Georginio Wijnaldum', 'Kylian Mbappé', 'Ángel Di María', 'Lionel Messi']","['Abdou Diallo', 'Achraf Hakimi', 'Georginio Wijnaldum', 'Gianluigi Donnarumma', 'Idrissa Gueye', 'Kylian Mbappé', 'Lionel Messi', 'Marco Verratti', 'Marquinhos', 'Nuno Mendes', 'Ángel Di María']",/spielbericht/aufstellung/spielbericht/3651125
18,So. 12.12.21,20:45,H,(1.),Monaco (7.),4-3-3 Attacking,41.154,2:0,Mauricio Pochettino,"['Gianluigi Donnarumma', 'Marquinhos', 'Abdou Diallo', 'Juan Bernat', 'Achraf Hakimi', 'Marco Verratti', 'Idrissa Gueye', 'Georginio Wijnaldum', 'Kylian Mbappé', 'Ángel Di María', 'Lionel Messi']","['Abdou Diallo', 'Achraf Hakimi', 'Georginio Wijnaldum', 'Gianluigi Donnarumma', 'Idrissa Gueye', 'Juan Bernat', 'Kylian Mbappé', 'Lionel Messi', 'Marco Verratti', 'Marquinhos', 'Ángel Di María']",/spielbericht/aufstellung/spielbericht/3589292
Third Round,So. 19.12.21,21:10,A,,EFAFC,4-3-3 Attacking,22.471,0:3,Mauricio Pochettino,"['Keylor Navas', 'Presnel Kimpembe', 'Sergio Ramos', 'Abdou Diallo', 'Thilo Kehrer', 'Leandro Paredes', 'Marco Verratti', 'Junior Dina Ebimbe', 'Kylian Mbappé', 'Xavi Simons', 'Mauro Icardi']","['Abdou Diallo', 'Junior Dina Ebimbe', 'Keylor Navas', 'Kylian Mbappé', 'Leandro Paredes', 'Marco Verratti', 'Mauro Icardi', 'Presnel Kimpembe', 'Sergio Ramos', 'Thilo Kehrer', 'Xavi Simons']",/spielbericht/aufstellung/spielbericht/3710813
19,Mi. 22.12.21,21:00,A,(1.),FC Lorient (19.),4-4-2 double 6,16.603,1:1,Mauricio Pochettino,"['Keylor Navas', 'Presnel Kimpembe', 'Marquinhos', 'Nuno Mendes', 'Achraf Hakimi', 'Idrissa Gueye', 'Ander Herrera', 'Georginio Wijnaldum', 'Ángel Di María', 'Lionel Messi', 'Mauro Icardi']","['Achraf Hakimi', 'Ander Herrera', 'Georginio Wijnaldum', 'Idrissa Gueye', 'Keylor Navas', 'Lionel Messi', 'Marquinhos', 'Mauro Icardi', 'Nuno Mendes', 'Presnel Kimpembe', 'Ángel Di María']",/spielbericht/aufstellung/spielbericht/3589304
Fourth Round,Mo. 03.01.22,21:10,A,,Vannes,4-3-3 Attacking,4.952,0:4,Mauricio Pochettino,"['Gianluigi Donnarumma', 'Presnel Kimpembe', 'Thilo Kehrer', 'Nuno Mendes', 'Colin Dagba', 'Marco Verratti', 'Ander Herrera', 'Edouard Michut', 'Georginio Wijnaldum', 'Xavi Simons', 'Kylian Mbappé']","['Ander Herrera', 'Colin Dagba', 'Edouard Michut', 'Georginio Wijnaldum', 'Gianluigi Donnarumma', 'Kylian Mbappé', 'Marco Verratti', 'Nuno Mendes', 'Presnel Kimpembe', 'Thilo Kehrer', 'Xavi Simons']",/spielbericht/aufstellung/spielbericht/3717184
20,So. 09.01.22,20:45,A,(1.),Olympique Lyon (13.),4-3-3 Attacking,4.977,1:1,Mauricio Pochettino,"['Keylor Navas', 'Presnel Kimpembe', 'Marquinhos', 'Nuno Mendes', 'Colin Dagba', 'Leandro Paredes', 'Marco Verratti', 'Ander Herrera', 'Kylian Mbappé', 'Georginio Wijnaldum', 'Mauro Icardi']","['Ander Herrera', 'Colin Dagba', 'Georginio Wijnaldum', 'Keylor Navas', 'Kylian Mbappé', 'Leandro Paredes', 'Marco Verratti', 'Marquinhos', 'Mauro Icardi', 'Nuno Mendes', 'Presnel Kimpembe']",/spielbericht/aufstellung/spielbericht/3589327
